{"stats":{"minecraft:mined":{"minecraft:acacia_leaves":2,"minecraft:furnace":2,"minecraft:iron_ore":10,"minecraft:andesite":2,"minecraft:torch":1,"minecraft:crafting_table":5,"minecraft:granite":6,"minecraft:acacia_log":13,"minecraft:grass_block":4,"minecraft:oak_log":16,"minecraft:coal_ore":42,"minecraft:dirt":15,"minecraft:tall_grass":1,"minecraft:copper_ore":1,"minecraft:stone":107,"minecraft:deepslate":1,"minecraft:oak_leaves":2,"minecraft:wall_torch":1},"minecraft:crafted":{"minecraft:cooked_beef":4,"minecraft:charcoal":1,"minecraft:cooked_porkchop":5,"minecraft:shield":2,"minecraft:crafting_table":3,"minecraft:stick":12,"minecraft:wooden_pickaxe":1,"minecraft:iron_ingot":2,"minecraft:stone_pickaxe":2,"minecraft:chest":1,"minecraft:furnace":1,"minecraft:torch":4,"minecraft:acacia_planks":44,"minecraft:stone_axe":1,"minecraft:air":0},"minecraft:custom":{"minecraft:time_since_rest":41818,"minecraft:interact_with_furnace":12,"minecraft:sprint_one_cm":21597,"minecraft:damage_taken":267,"minecraft:walk_one_cm":133785,"minecraft:mob_kills":8,"minecraft:drop":1,"minecraft:damage_dealt":820,"minecraft:swim_one_cm":1896,"minecraft:interact_with_crafting_table":17,"minecraft:fly_one_cm":9962,"minecraft:open_chest":2,"minecraft:crouch_one_cm":9198,"minecraft:play_time":41818,"minecraft:sneak_time":4766,"minecraft:walk_under_water_one_cm":181,"minecraft:jump":276,"minecraft:leave_game":2,"minecraft:time_since_death":41818,"minecraft:walk_on_water_one_cm":1255,"minecraft:total_world_time":41818,"minecraft:fall_one_cm":1051},"minecraft:picked_up":{"minecraft:crafting_table":4,"minecraft:raw_iron":10,"minecraft:andesite":1,"minecraft:torch":1,"minecraft:acacia_log":11,"minecraft:porkchop":5,"minecraft:oak_log":16,"minecraft:shield":1,"minecraft:dirt":18,"minecraft:string":2,"minecraft:raw_copper":5,"minecraft:cobbled_deepslate":2,"minecraft:granite":2,"minecraft:beef":1,"minecraft:rose_bush":2,"minecraft:mutton":1,"minecraft:coal":31,"minecraft:white_wool":1,"minecraft:cobblestone":102,"minecraft:furnace":2},"minecraft:broken":{"minecraft:stone_pickaxe":1},"minecraft:dropped":{"minecraft:shield":1},"minecraft:used":{"minecraft:stone_pickaxe":154,"minecraft:chest":1,"minecraft:wooden_pickaxe":29,"minecraft:torch":3,"minecraft:stone_axe":38,"minecraft:dirt":12,"minecraft:cobblestone":11,"minecraft:crafting_table":7,"minecraft:furnace":3,"minecraft:cooked_beef":3},"minecraft:killed":{"minecraft:sheep":1,"minecraft:cave_spider":3,"minecraft:pig":4}},"DataVersion":3465}