{"stats":{"minecraft:custom":{"minecraft:time_since_rest":35746,"minecraft:interact_with_furnace":6,"minecraft:sprint_one_cm":32648,"minecraft:damage_taken":601,"minecraft:walk_one_cm":171475,"minecraft:mob_kills":10,"minecraft:drop":3,"minecraft:damage_dealt":974,"minecraft:swim_one_cm":1315,"minecraft:interact_with_crafting_table":7,"minecraft:fly_one_cm":17831,"minecraft:open_barrel":5,"minecraft:open_chest":2,"minecraft:crouch_one_cm":2471,"minecraft:play_time":50239,"minecraft:deaths":1,"minecraft:sneak_time":990,"minecraft:walk_under_water_one_cm":6535,"minecraft:jump":410,"minecraft:leave_game":2,"minecraft:time_since_death":35608,"minecraft:total_world_time":50239,"minecraft:walk_on_water_one_cm":11799,"minecraft:fall_one_cm":3560,"minecraft:climb_one_cm":5000},"minecraft:picked_up":{"minecraft:cocoa_beans":12,"minecraft:crafting_table":4,"minecraft:feather":2,"minecraft:chicken":3,"minecraft:jungle_log":60,"minecraft:torch":3,"minecraft:wooden_pickaxe":1,"minecraft:porkchop":3,"minecraft:oak_log":23,"minecraft:raw_copper":11,"minecraft:wheat_seeds":3,"minecraft:oak_sapling":1,"minecraft:melon_slice":73,"minecraft:sugar_cane":3,"minecraft:mutton":6,"minecraft:furnace":1,"minecraft:coal":22,"minecraft:white_wool":4,"minecraft:cobblestone":58,"minecraft:egg":1},"minecraft:mined":{"minecraft:furnace":1,"minecraft:jungle_leaves":3,"minecraft:torch":1,"minecraft:crafting_table":4,"minecraft:grass":17,"minecraft:oak_log":24,"minecraft:coal_ore":22,"minecraft:melon":16,"minecraft:vine":15,"minecraft:jungle_log":60,"minecraft:copper_ore":4,"minecraft:cobblestone":15,"minecraft:stone":38,"minecraft:sugar_cane":1,"minecraft:wall_torch":2,"minecraft:fern":8,"minecraft:oak_leaves":1},"minecraft:dropped":{"minecraft:wheat_seeds":1,"minecraft:melon_slice":1,"minecraft:wooden_pickaxe":1},"minecraft:killed":{"minecraft:sheep":4,"minecraft:zombie":1,"minecraft:pig":1,"minecraft:chicken":3,"minecraft:spider":1},"minecraft:killed_by":{"born_in_chaos_v1:corpse_fish":1},"minecraft:crafted":{"minecraft:cooked_porkchop":3,"minecraft:crafting_table":3,"minecraft:stick":12,"minecraft:wooden_pickaxe":1,"minecraft:cooked_chicken":3,"minecraft:stone_pickaxe":1,"minecraft:furnace":1,"minecraft:torch":4,"minecraft:stone_axe":1,"minecraft:air":0,"minecraft:jungle_planks":52},"minecraft:used":{"minecraft:melon_slice":13,"minecraft:stone_pickaxe":57,"minecraft:jungle_log":4,"minecraft:wooden_pickaxe":42,"minecraft:stone_axe":123,"minecraft:torch":6,"minecraft:cobblestone":34,"minecraft:crafting_table":5,"minecraft:furnace":1,"minecraft:cooked_porkchop":1}},"DataVersion":3465}