{"stats":{"minecraft:custom":{"minecraft:time_since_rest":13770,"minecraft:crouch_one_cm":1419,"minecraft:play_time":13770,"minecraft:sprint_one_cm":10639,"minecraft:damage_taken":130,"minecraft:walk_one_cm":24961,"minecraft:sneak_time":391,"minecraft:walk_under_water_one_cm":3480,"minecraft:jump":100,"minecraft:damage_dealt":55,"minecraft:leave_game":1,"minecraft:time_since_death":13770,"minecraft:walk_on_water_one_cm":2598,"minecraft:total_world_time":13770,"minecraft:climb_one_cm":1535,"minecraft:swim_one_cm":1315,"minecraft:interact_with_crafting_table":1,"minecraft:fall_one_cm":813,"minecraft:fly_one_cm":3475},"minecraft:picked_up":{"minecraft:jungle_log":6,"minecraft:wheat_seeds":1},"minecraft:mined":{"minecraft:grass":1,"minecraft:vine":3,"minecraft:jungle_log":6,"minecraft:jungle_leaves":1},"minecraft:crafted":{"minecraft:crafting_table":2,"minecraft:stick":4,"minecraft:jungle_planks":24},"minecraft:used":{"minecraft:crafting_table":1}},"DataVersion":3465}