{"stats":{"minecraft:custom":{"minecraft:time_since_rest":18408,"minecraft:interact_with_furnace":1,"minecraft:sprint_one_cm":17365,"minecraft:damage_taken":441,"minecraft:walk_one_cm":89687,"minecraft:mob_kills":8,"minecraft:damage_dealt":695,"minecraft:interact_with_crafting_table":5,"minecraft:swim_one_cm":1315,"minecraft:fly_one_cm":9910,"minecraft:crouch_one_cm":2106,"minecraft:play_time":32901,"minecraft:deaths":1,"minecraft:sneak_time":561,"minecraft:walk_under_water_one_cm":6535,"minecraft:jump":258,"minecraft:leave_game":1,"minecraft:time_since_death":18270,"minecraft:walk_on_water_one_cm":11799,"minecraft:total_world_time":32901,"minecraft:climb_one_cm":4474,"minecraft:fall_one_cm":2942},"minecraft:picked_up":{"minecraft:cocoa_beans":6,"minecraft:crafting_table":2,"minecraft:feather":2,"minecraft:chicken":3,"minecraft:jungle_log":41,"minecraft:porkchop":3,"minecraft:oak_log":14,"minecraft:raw_copper":11,"minecraft:wheat_seeds":2,"minecraft:oak_sapling":1,"minecraft:melon_slice":72,"minecraft:sugar_cane":3,"minecraft:mutton":6,"minecraft:coal":4,"minecraft:white_wool":4,"minecraft:cobblestone":35,"minecraft:egg":1},"minecraft:mined":{"minecraft:jungle_leaves":3,"minecraft:crafting_table":2,"minecraft:grass":17,"minecraft:coal_ore":6,"minecraft:oak_log":15,"minecraft:melon":16,"minecraft:vine":13,"minecraft:jungle_log":41,"minecraft:copper_ore":4,"minecraft:stone":35,"minecraft:sugar_cane":1,"minecraft:oak_leaves":1,"minecraft:fern":8},"minecraft:killed":{"minecraft:sheep":4,"minecraft:pig":1,"minecraft:chicken":3},"minecraft:killed_by":{"born_in_chaos_v1:corpse_fish":1},"minecraft:crafted":{"minecraft:crafting_table":3,"minecraft:stick":12,"minecraft:wooden_pickaxe":1,"minecraft:stone_pickaxe":1,"minecraft:furnace":1,"minecraft:torch":4,"minecraft:stone_axe":1,"minecraft:jungle_planks":52},"minecraft:used":{"minecraft:stone_pickaxe":22,"minecraft:wooden_pickaxe":42,"minecraft:stone_axe":87,"minecraft:cobblestone":14,"minecraft:crafting_table":4,"minecraft:furnace":1}},"DataVersion":3465}