{"stats":{"minecraft:mined":{"minecraft:spruce_planks":24,"minecraft:white_bed":1,"minecraft:oak_sapling":1,"graveyard:candle_holder":1,"minecraft:brewing_stand":1,"minecraft:spruce_trapdoor":3,"minecraft:granite":62,"minecraft:grass_block":267,"minecraft:deepslate_bricks":2,"minecraft:mud_brick_wall":1,"minecraft:spawner":8,"minecraft:tall_seagrass":1,"minecraft:mossy_cobblestone_slab":1,"minecraft:iron_ore":55,"minecraft:cobbled_deepslate":1,"minecraft:pointed_dripstone":6,"minecraft:deepslate_brick_stairs":1,"minecraft:stripped_mangrove_wood":2,"minecraft:iron_block":2,"minecraft:red_bed":3,"minecraft:crimson_nylium":1,"minecraft:torch":17,"minecraft:cobblestone":33,"minecraft:white_candle":2,"graveyard:lying_skeleton":1,"minecraft:sugar_cane":2,"minecraft:oak_planks":40,"minecraft:wall_torch":17,"minecraft:chain":4,"minecraft:nether_wart_block":1,"minecraft:grass":20,"minecraft:cracked_deepslate_tiles":2,"minecraft:oak_log":37,"minecraft:sand":34,"minecraft:dirt":228,"minecraft:oak_leaves":7,"minecraft:deepslate":5,"minecraft:deepslate_tiles":1,"biomesoplenty:orange_autumn_leaves":2,"minecraft:red_carpet":7,"minecraft:dark_oak_log":5,"antlers:bloody_fox":1,"born_in_chaos_v1:infected_diamond_ore":1,"minecraft:spruce_fence":1,"born_in_chaos_v1:black_argillite":1,"minecraft:spruce_leaves":47,"minecraft:sandstone":5,"minecraft:large_fern":12,"graveyard:tg_moss_block":19,"minecraft:andesite":1,"minecraft:stripped_spruce_log":5,"minecraft:bookshelf":150,"minecraft:deepslate_iron_ore":2,"minecraft:stone":627,"minecraft:scaffolding":3,"minecraft:red_wool":7,"minecraft:oak_fence":2,"minecraft:crafting_table":4,"minecraft:rose_bush":1,"minecraft:andesite_slab":2,"minecraft:tall_grass":5,"minecraft:copper_ore":6,"graveyard:tg_grass_block":3,"biomesoplenty:sprout":2,"minecraft:lapis_ore":12,"minecraft:cracked_deepslate_bricks":1,"minecraft:diorite":26,"graveyard:vase_block":1,"antlers:sheep_corpse":1,"minecraft:stripped_spruce_wood":1,"minecraft:sweet_berry_bush":6,"minecraft:spruce_log":149,"minecraft:mangrove_planks":13,"minecraft:coal_ore":30,"minecraft:dripstone_block":15,"minecraft:gravel":12,"minecraft:cobweb":37,"minecraft:fern":5},"minecraft:killed_by":{"undead_revamp2:sucker":3,"minecraft:wither_skeleton":1,"born_in_chaos_v1:nightmare_stalker":2,"man:managgresive":2,"minecraft:cave_spider":1,"born_in_chaos_v1:supreme_bonescaller_stage_2":1,"graveyard:lich":3,"graveyard:revenant":1,"undead_revamp2:thesmoker":1,"graveyard:wraith":2,"born_in_chaos_v1:bonescaller_not_despawn":2,"arphex:teleport_ghost":1,"minecraft:vex":1,"born_in_chaos_v1:baby_skeleton_minion":1,"minecraft:stray":2,"graveyard:ghoul":8,"minecraft:spider":2,"apollyon:the_damned":2,"undead_revamp2:therod":1,"born_in_chaos_v1:corpse_fish":1,"antlers:wendigo":14},"minecraft:used":{"minecraft:iron_shovel":493,"minecraft:ladder":6,"minecraft:chest":2,"minecraft:shield":181,"minecraft:iron_sword":350,"minecraft:red_wool":2,"minecraft:red_carpet":8,"minecraft:scaffolding":1,"minecraft:sweet_berries":3,"minecraft:furnace":1,"minecraft:oak_sapling":3,"minecraft:diorite":26,"minecraft:mangrove_planks":15,"minecraft:oak_planks":142,"minecraft:sandstone":3,"minecraft:sand":22,"minecraft:dripstone_block":2,"minecraft:deepslate_tiles":1,"antlers:jerkey":27,"dixtas_armory:iron_katana":251,"minecraft:bread":62,"minecraft:string":1,"minecraft:nether_wart_block":1,"minecraft:andesite":1,"minecraft:oak_boat":4,"minecraft:oak_fence":1,"minecraft:iron_bars":1,"minecraft:flint_and_steel":1,"minecraft:spruce_planks":124,"born_in_chaos_v1:black_argillite":1,"minecraft:netherrack":1,"minecraft:oak_door":1,"minecraft:torch":215,"minecraft:dirt":219,"minecraft:granite":36,"minecraft:iron_axe":506,"minecraft:golden_carrot":7,"minecraft:cobbled_deepslate":5,"minecraft:andesite_slab":1,"minecraft:tnt":1,"minecraft:crafting_table":7,"minecraft:red_bed":3,"minecraft:white_bed":3,"minecraft:spruce_log":30,"minecraft:iron_pickaxe":936,"minecraft:spruce_trapdoor":4,"minecraft:cobblestone":313,"minecraft:bucket":2,"dixtas_armory:iron_battle_axe":102},"minecraft:custom":{"lootr:looted_stat":101,"minecraft:interact_with_crafting_table":45,"minecraft:open_barrel":87,"minecraft:leave_game":3,"minecraft:time_since_death":28430,"minecraft:sprint_one_cm":757776,"minecraft:damage_blocked_by_shield":4983,"minecraft:drop":69,"minecraft:play_time":412315,"minecraft:deaths":57,"minecraft:jump":4949,"minecraft:walk_on_water_one_cm":71179,"minecraft:interact_with_furnace":10,"minecraft:sleep_in_bed":35,"minecraft:damage_dealt":34856,"minecraft:player_kills":2,"minecraft:crouch_one_cm":22876,"minecraft:interact_with_smoker":14,"minecraft:mob_kills":157,"minecraft:interact_with_anvil":4,"minecraft:damage_dealt_resisted":4519,"minecraft:climb_one_cm":77355,"minecraft:walk_one_cm":1407594,"minecraft:sneak_time":10109,"minecraft:walk_under_water_one_cm":70167,"minecraft:boat_one_cm":125250,"minecraft:total_world_time":412315,"minecraft:time_since_rest":5198,"minecraft:damage_taken":22128,"minecraft:swim_one_cm":81624,"minecraft:fly_one_cm":773506,"minecraft:open_chest":136,"minecraft:fall_one_cm":115426},"minecraft:dropped":{"minecraft:iron_sword":1,"minecraft:mangrove_planks":6,"minecraft:red_carpet":1,"minecraft:chain":8,"minecraft:sand":9,"minecraft:dark_oak_planks":2,"minecraft:gold_ingot":6,"minecraft:bone":9,"undead_revamp2:arapholia":1,"minecraft:tipped_arrow":3,"born_in_chaos_v1:seedof_chaos":4,"minecraft:melon_seeds":4,"minecraft:arrow":1,"minecraft:bread":10,"minecraft:cobblestone":18,"minecraft:spectral_arrow":5,"minecraft:granite":9,"minecraft:pufferfish":13,"minecraft:torch":3,"born_in_chaos_v1:fused_bone":4,"minecraft:string":12,"minecraft:spruce_planks":14,"minecraft:oak_boat":1,"minecraft:spruce_log":3,"minecraft:sandstone":2,"minecraft:bow":1},"minecraft:broken":{"minecraft:iron_shovel":1,"minecraft:iron_boots":1,"minecraft:iron_chestplate":1,"minecraft:iron_sword":2,"dixtas_armory:iron_katana":1,"minecraft:shield":2,"minecraft:iron_axe":2,"minecraft:iron_pickaxe":3,"minecraft:iron_helmet":2},"minecraft:picked_up":{"minecraft:wheat":4,"minecraft:potion":2,"minecraft:brewing_stand":1,"born_in_chaos_v1:black_argillite":1,"minecraft:string":58,"minecraft:raw_copper":20,"graveyard:candle_holder":1,"minecraft:pufferfish":11,"minecraft:deepslate_tiles":1,"minecraft:cobbled_deepslate":5,"minecraft:spruce_planks":87,"minecraft:iron_pickaxe":1,"born_in_chaos_v1:stimulating_decoction":2,"minecraft:tipped_arrow":3,"minecraft:stick":19,"born_in_chaos_v1:shattered_skull":1,"minecraft:oak_fence":1,"minecraft:torch":50,"minecraft:pointed_dripstone":13,"minecraft:diorite":26,"minecraft:rotten_flesh":51,"minecraft:iron_block":2,"minecraft:deepslate_brick_stairs":1,"undead_revamp2:arapholia":2,"minecraft:iron_bars":1,"minecraft:cobblestone":673,"born_in_chaos_v1:spiritual_dust":4,"minecraft:andesite":1,"minecraft:flint":1,"minecraft:stripped_spruce_wood":1,"minecraft:lapis_lazuli":78,"minecraft:dirt":564,"antlers:tomahawkitem":2,"minecraft:leather_boots":1,"minecraft:bone":28,"minecraft:bow":2,"minecraft:wheat_seeds":3,"minecraft:moss_block":18,"minecraft:oak_planks":39,"minecraft:sand":51,"minecraft:dark_oak_log":5,"minecraft:white_candle":4,"minecraft:granite":64,"minecraft:golden_apple":5,"minecraft:bread":32,"born_in_chaos_v1:rotten_fish":7,"minecraft:oak_sapling":2,"minecraft:netherrack":1,"minecraft:andesite_slab":2,"born_in_chaos_v1:diamond_termite_shard":1,"minecraft:charcoal":3,"minecraft:crafting_table":4,"born_in_chaos_v1:seedof_chaos":11,"minecraft:chain":12,"minecraft:red_bed":3,"born_in_chaos_v1:intoxicating_decoction":3,"graveyard:corruption":15,"minecraft:cracked_stone_bricks":1,"minecraft:oak_boat":5,"minecraft:sugar_cane":7,"minecraft:birch_sapling":1,"minecraft:spruce_trapdoor":3,"minecraft:raw_iron":55,"minecraft:sandstone":5,"minecraft:stripped_mangrove_wood":2,"minecraft:copper_ingot":5,"born_in_chaos_v1:pieceofdarkmetal":1,"minecraft:dark_oak_planks":2,"minecraft:arrow":1,"minecraft:deepslate_bricks":2,"minecraft:cracked_deepslate_bricks":1,"minecraft:gold_ingot":6,"minecraft:cracked_deepslate_tiles":2,"born_in_chaos_v1:fused_bone":5,"born_in_chaos_v1:corpse_maggot":2,"born_in_chaos_v1:monster_flesh":2,"minecraft:golden_carrot":2,"minecraft:oak_log":44,"minecraft:nether_wart_block":1,"minecraft:red_carpet":10,"minecraft:apple":1,"minecraft:iron_ingot":1,"minecraft:mangrove_planks":13,"minecraft:iron_sword":1,"minecraft:book":444,"minecraft:scaffolding":1,"minecraft:sweet_berries":19,"minecraft:red_wool":7,"born_in_chaos_v1:orbofthe_summoner":1,"born_in_chaos_v1:ethereal_spirit":2,"minecraft:dripstone_block":14,"minecraft:gravel":21,"born_in_chaos_v1:dark_rod":3,"minecraft:spruce_sapling":28,"minecraft:white_bed":1,"minecraft:spruce_log":150,"minecraft:spruce_door":1,"minecraft:spider_eye":1,"biomesoplenty:maple_sapling":1,"minecraft:iron_helmet":1,"minecraft:coal":43},"minecraft:crafted":{"minecraft:oak_planks":152,"dixtas_armory:iron_battle_axe":1,"minecraft:iron_boots":2,"minecraft:chest":3,"sophisticatedbackpacks:backpack":1,"minecraft:crafting_table":3,"minecraft:spruce_planks":128,"minecraft:iron_helmet":2,"minecraft:tnt":1,"minecraft:spruce_trapdoor":2,"minecraft:book":1,"minecraft:iron_chestplate":1,"minecraft:paper":3,"minecraft:charcoal":13,"minecraft:shield":3,"sophisticatedbackpacks:diamond_backpack":1,"minecraft:stick":76,"minecraft:iron_ingot":58,"minecraft:shears":1,"minecraft:oak_door":3,"minecraft:furnace":1,"minecraft:flint_and_steel":1,"antlers:jerkey":54,"minecraft:iron_axe":3,"minecraft:ladder":6,"minecraft:dark_oak_planks":12,"sophisticatedbackpacks:iron_backpack":1,"minecraft:iron_sword":1,"minecraft:red_bed":1,"sophisticatedbackpacks:gold_backpack":1,"minecraft:mangrove_planks":8,"minecraft:bucket":1,"minecraft:bread":1,"minecraft:air":0,"minecraft:oak_boat":1,"minecraft:white_wool":6,"minecraft:iron_shovel":2,"minecraft:iron_leggings":1,"minecraft:white_bed":2,"minecraft:torch":176,"dixtas_armory:iron_katana":1},"minecraft:killed":{"minecraft:cave_spider":5,"born_in_chaos_v1:zombie_lumberjack":1,"minecraft:spider":9,"undead_revamp2:thesmoker":2,"graveyard:wraith":6,"born_in_chaos_v1:baby_skeleton_minion":25,"graveyard:acolyte":1,"undead_revamp2:therod":3,"antlers:wendigo":2,"born_in_chaos_v1:supreme_bonescaller_stage_2":1,"born_in_chaos_v1:diamond_termite":1,"bwrtherain:spider_skull":3,"minecraft:zombie":6,"born_in_chaos_v1:dread_hound":2,"minecraft:stray":6,"born_in_chaos_v1:door_knight":1,"graveyard:corrupted_pillager":10,"undead_revamp2:thegliter":1,"born_in_chaos_v1:zombie_clown_not_despawn":3,"graveyard:revenant":2,"born_in_chaos_v1:skeleton_thrasher_not_despawn":1,"born_in_chaos_v1:zombie_bruiser":3,"born_in_chaos_v1:maggot":6,"undead_revamp2:thebidy":1,"born_in_chaos_v1:corpse_fish":7,"graveyard:ghoul":10,"born_in_chaos_v1:bone_imp_minion":18,"undead_revamp2:the_moonflower":2,"born_in_chaos_v1:decrepit_skeleton":3,"born_in_chaos_v1:bonescaller_not_despawn":4,"born_in_chaos_v1:dark_vortex":2,"endofherobrine:sheep":2}},"DataVersion":3465}