{"stats":{"minecraft:picked_up":{"minecraft:wheat":4,"born_in_chaos_v1:corpse_maggot":2,"minecraft:crafting_table":2,"minecraft:golden_carrot":2,"born_in_chaos_v1:seedof_chaos":4,"minecraft:oak_log":3,"minecraft:string":12,"minecraft:dirt":249,"antlers:tomahawkitem":2,"born_in_chaos_v1:intoxicating_decoction":3,"minecraft:red_carpet":7,"minecraft:bone":16,"graveyard:corruption":5,"minecraft:cracked_stone_bricks":1,"minecraft:wheat_seeds":2,"minecraft:spruce_planks":29,"born_in_chaos_v1:stimulating_decoction":2,"minecraft:moss_block":18,"minecraft:iron_pickaxe":1,"minecraft:iron_sword":1,"minecraft:sugar_cane":7,"minecraft:spruce_trapdoor":3,"minecraft:stick":7,"born_in_chaos_v1:shattered_skull":1,"minecraft:sweet_berries":19,"minecraft:copper_ingot":5,"minecraft:red_wool":5,"minecraft:torch":14,"minecraft:dripstone_block":5,"minecraft:gravel":1,"minecraft:sand":10,"minecraft:spruce_sapling":11,"minecraft:pointed_dripstone":1,"born_in_chaos_v1:pieceofdarkmetal":1,"minecraft:spruce_log":48,"minecraft:rotten_flesh":40,"minecraft:granite":32,"minecraft:bread":10,"born_in_chaos_v1:rotten_fish":6,"minecraft:coal":1,"minecraft:iron_bars":1,"minecraft:andesite_slab":2,"undead_revamp2:arapholia":2,"minecraft:cobblestone":371},"minecraft:dropped":{"minecraft:bread":10,"minecraft:iron_sword":1,"undead_revamp2:arapholia":1,"minecraft:spectral_arrow":5,"minecraft:spruce_planks":14,"minecraft:melon_seeds":4,"minecraft:spruce_log":3},"minecraft:used":{"minecraft:iron_bars":1,"minecraft:iron_shovel":247,"minecraft:ladder":6,"minecraft:andesite_slab":1,"minecraft:spruce_planks":1,"minecraft:shield":78,"minecraft:iron_sword":261,"minecraft:torch":53,"minecraft:dirt":12,"minecraft:sand":7,"minecraft:crafting_table":3,"minecraft:dripstone_block":2,"minecraft:granite":12,"minecraft:spruce_log":17,"minecraft:string":1,"minecraft:iron_axe":116,"minecraft:bread":23,"minecraft:iron_pickaxe":422,"minecraft:spruce_trapdoor":4,"minecraft:red_carpet":6,"minecraft:golden_carrot":7,"minecraft:cobblestone":174,"minecraft:sweet_berries":3,"minecraft:furnace":1,"minecraft:bucket":1},"minecraft:mined":{"minecraft:red_carpet":3,"minecraft:spruce_planks":19,"minecraft:red_wool":5,"minecraft:torch":3,"minecraft:crafting_table":2,"minecraft:spruce_trapdoor":3,"minecraft:granite":32,"minecraft:spruce_fence":1,"minecraft:grass_block":169,"minecraft:andesite_slab":2,"graveyard:tg_grass_block":3,"minecraft:tall_grass":4,"minecraft:cobblestone":9,"minecraft:spruce_leaves":19,"graveyard:lying_skeleton":1,"minecraft:sugar_cane":2,"minecraft:wall_torch":7,"minecraft:large_fern":12,"minecraft:tall_seagrass":1,"graveyard:vase_block":1,"minecraft:stripped_spruce_wood":1,"minecraft:mossy_cobblestone_slab":1,"antlers:sheep_corpse":1,"graveyard:tg_moss_block":19,"minecraft:sweet_berry_bush":6,"minecraft:stripped_spruce_log":5,"minecraft:spruce_log":46,"minecraft:grass":16,"minecraft:pointed_dripstone":1,"minecraft:gravel":1,"minecraft:sand":10,"minecraft:dripstone_block":5,"minecraft:dirt":69,"minecraft:cobweb":5,"minecraft:stone":364,"minecraft:fern":4},"minecraft:crafted":{"minecraft:crafting_table":1,"minecraft:spruce_planks":52,"minecraft:furnace":1,"minecraft:bucket":1,"minecraft:air":0,"minecraft:spruce_trapdoor":2,"minecraft:charcoal":13,"minecraft:shield":1,"minecraft:iron_axe":1,"minecraft:ladder":6,"minecraft:stick":72,"minecraft:torch":52},"minecraft:killed_by":{"man:managgresive":1,"apollyon:the_damned":1,"undead_revamp2:sucker":3,"born_in_chaos_v1:baby_skeleton_minion":1,"undead_revamp2:therod":1,"minecraft:wither_skeleton":1,"born_in_chaos_v1:nightmare_stalker":2,"graveyard:ghoul":8,"born_in_chaos_v1:corpse_fish":1,"antlers:wendigo":2,"graveyard:lich":3,"graveyard:revenant":1,"undead_revamp2:thesmoker":1,"born_in_chaos_v1:bonescaller_not_despawn":1,"arphex:teleport_ghost":1},"minecraft:killed":{"graveyard:ghoul":10,"born_in_chaos_v1:zombie_clown_not_despawn":2,"graveyard:revenant":2,"undead_revamp2:the_moonflower":1,"undead_revamp2:thesmoker":1,"bwrtherain:spider_skull":3,"born_in_chaos_v1:decrepit_skeleton":1,"born_in_chaos_v1:zombie_bruiser":3,"born_in_chaos_v1:maggot":5,"born_in_chaos_v1:baby_skeleton_minion":20,"graveyard:acolyte":1,"born_in_chaos_v1:bonescaller_not_despawn":3,"undead_revamp2:therod":3,"born_in_chaos_v1:corpse_fish":6,"endofherobrine:sheep":2,"born_in_chaos_v1:door_knight":1},"minecraft:broken":{"minecraft:iron_sword":1,"minecraft:iron_pickaxe":1,"minecraft:iron_helmet":1},"minecraft:custom":{"lootr:looted_stat":7,"minecraft:interact_with_furnace":2,"minecraft:interact_with_anvil":4,"minecraft:mob_kills":66,"minecraft:interact_with_crafting_table":8,"minecraft:open_barrel":4,"minecraft:damage_dealt_resisted":336,"minecraft:sleep_in_bed":7,"minecraft:leave_game":1,"minecraft:time_since_death":11135,"minecraft:climb_one_cm":32272,"minecraft:time_since_rest":11164,"minecraft:sprint_one_cm":199610,"minecraft:damage_taken":10260,"minecraft:walk_one_cm":458244,"minecraft:damage_blocked_by_shield":1600,"minecraft:drop":11,"minecraft:damage_dealt":12401,"minecraft:swim_one_cm":53258,"minecraft:fly_one_cm":210214,"minecraft:open_chest":11,"minecraft:crouch_one_cm":2678,"minecraft:play_time":118264,"minecraft:deaths":31,"minecraft:sneak_time":1291,"minecraft:walk_under_water_one_cm":27067,"minecraft:jump":1609,"minecraft:walk_on_water_one_cm":32983,"minecraft:total_world_time":118264,"minecraft:fall_one_cm":36937}},"DataVersion":3465}