{"stats":{"minecraft:picked_up":{"minecraft:crafting_table":2,"minecraft:golden_carrot":1,"minecraft:string":6,"minecraft:dirt":229,"minecraft:red_carpet":1,"minecraft:spruce_planks":1,"minecraft:iron_pickaxe":1,"minecraft:iron_sword":1,"minecraft:sugar_cane":7,"minecraft:spruce_trapdoor":3,"minecraft:stick":7,"minecraft:torch":10,"minecraft:dripstone_block":5,"minecraft:sand":10,"minecraft:spruce_sapling":11,"minecraft:pointed_dripstone":1,"minecraft:spruce_log":42,"minecraft:rotten_flesh":8,"minecraft:granite":32,"minecraft:bread":10,"born_in_chaos_v1:rotten_fish":3,"undead_revamp2:arapholia":2,"minecraft:cobblestone":354},"minecraft:dropped":{"minecraft:bread":10,"minecraft:iron_sword":1,"undead_revamp2:arapholia":1},"minecraft:used":{"minecraft:iron_shovel":240,"minecraft:ladder":6,"minecraft:spruce_planks":1,"minecraft:iron_sword":65,"minecraft:torch":38,"minecraft:dirt":12,"minecraft:sand":7,"minecraft:crafting_table":3,"minecraft:dripstone_block":2,"minecraft:granite":12,"minecraft:spruce_log":16,"minecraft:iron_axe":51,"minecraft:bread":10,"minecraft:iron_pickaxe":396,"minecraft:spruce_trapdoor":4,"minecraft:red_carpet":1,"minecraft:cobblestone":161,"minecraft:furnace":1,"minecraft:bucket":1},"minecraft:mined":{"minecraft:torch":2,"minecraft:crafting_table":2,"minecraft:spruce_trapdoor":3,"minecraft:granite":32,"minecraft:grass_block":168,"minecraft:cobblestone":7,"minecraft:spruce_leaves":6,"minecraft:sugar_cane":2,"minecraft:wall_torch":5,"minecraft:large_fern":1,"minecraft:tall_seagrass":1,"antlers:sheep_corpse":1,"minecraft:spruce_log":42,"minecraft:grass":2,"minecraft:pointed_dripstone":1,"minecraft:sand":10,"minecraft:dripstone_block":5,"minecraft:dirt":63,"minecraft:stone":347},"minecraft:crafted":{"minecraft:crafting_table":1,"minecraft:spruce_planks":52,"minecraft:furnace":1,"minecraft:bucket":1,"minecraft:air":0,"minecraft:spruce_trapdoor":2,"minecraft:charcoal":13,"minecraft:shield":1,"minecraft:iron_axe":1,"minecraft:ladder":6,"minecraft:stick":72,"minecraft:torch":52},"minecraft:killed_by":{"man:managgresive":1,"apollyon:the_damned":1,"born_in_chaos_v1:nightmare_stalker":2,"born_in_chaos_v1:corpse_fish":1,"antlers:wendigo":2},"minecraft:killed":{"undead_revamp2:the_moonflower":1,"born_in_chaos_v1:zombie_bruiser":1,"born_in_chaos_v1:maggot":1,"born_in_chaos_v1:baby_skeleton_minion":18,"born_in_chaos_v1:corpse_fish":3,"born_in_chaos_v1:door_knight":1},"minecraft:broken":{"minecraft:iron_pickaxe":1},"minecraft:custom":{"lootr:looted_stat":7,"minecraft:interact_with_furnace":2,"minecraft:mob_kills":25,"minecraft:interact_with_crafting_table":8,"minecraft:open_barrel":4,"minecraft:damage_dealt_resisted":120,"minecraft:leave_game":1,"minecraft:time_since_death":11452,"minecraft:climb_one_cm":18130,"minecraft:time_since_rest":11485,"minecraft:sprint_one_cm":84049,"minecraft:damage_taken":2477,"minecraft:walk_one_cm":277176,"minecraft:drop":3,"minecraft:damage_dealt":3275,"minecraft:swim_one_cm":39284,"minecraft:fly_one_cm":69445,"minecraft:open_chest":4,"minecraft:crouch_one_cm":1630,"minecraft:play_time":58264,"minecraft:deaths":7,"minecraft:sneak_time":519,"minecraft:walk_under_water_one_cm":22943,"minecraft:jump":583,"minecraft:walk_on_water_one_cm":16316,"minecraft:total_world_time":58264,"minecraft:fall_one_cm":10942}},"DataVersion":3465}