{"stats":{"minecraft:picked_up":{"minecraft:crafting_table":2,"minecraft:wheat":4,"born_in_chaos_v1:seedof_chaos":4,"minecraft:red_bed":1,"minecraft:string":12,"born_in_chaos_v1:intoxicating_decoction":3,"graveyard:corruption":5,"minecraft:cracked_stone_bricks":1,"minecraft:spruce_planks":29,"minecraft:iron_pickaxe":1,"born_in_chaos_v1:stimulating_decoction":2,"minecraft:sugar_cane":7,"minecraft:spruce_trapdoor":3,"minecraft:stick":7,"born_in_chaos_v1:shattered_skull":1,"minecraft:copper_ingot":5,"minecraft:torch":14,"minecraft:pointed_dripstone":1,"born_in_chaos_v1:pieceofdarkmetal":1,"minecraft:rotten_flesh":40,"minecraft:iron_bars":1,"undead_revamp2:arapholia":2,"minecraft:cobblestone":371,"born_in_chaos_v1:corpse_maggot":2,"minecraft:golden_carrot":2,"minecraft:oak_log":3,"minecraft:dirt":265,"antlers:tomahawkitem":2,"minecraft:red_carpet":7,"minecraft:bone":16,"minecraft:wheat_seeds":2,"minecraft:moss_block":18,"minecraft:iron_sword":1,"minecraft:sweet_berries":19,"minecraft:red_wool":5,"minecraft:dripstone_block":5,"minecraft:sand":10,"minecraft:gravel":1,"minecraft:spruce_sapling":11,"minecraft:spruce_log":48,"minecraft:granite":32,"minecraft:bread":10,"born_in_chaos_v1:rotten_fish":6,"minecraft:coal":1,"minecraft:andesite_slab":2},"minecraft:dropped":{"minecraft:bread":10,"minecraft:iron_sword":1,"minecraft:spectral_arrow":5,"undead_revamp2:arapholia":1,"minecraft:spruce_planks":14,"minecraft:melon_seeds":4,"minecraft:spruce_log":3},"minecraft:used":{"minecraft:iron_bars":1,"minecraft:iron_shovel":251,"minecraft:ladder":6,"minecraft:shield":78,"minecraft:spruce_planks":1,"minecraft:chest":1,"minecraft:iron_sword":261,"minecraft:torch":53,"minecraft:dirt":15,"minecraft:granite":12,"minecraft:iron_axe":116,"minecraft:red_carpet":6,"minecraft:golden_carrot":7,"minecraft:sweet_berries":3,"minecraft:furnace":1,"minecraft:andesite_slab":1,"minecraft:sand":7,"minecraft:crafting_table":3,"minecraft:red_bed":2,"minecraft:dripstone_block":2,"minecraft:spruce_log":17,"minecraft:bread":23,"minecraft:iron_pickaxe":422,"minecraft:string":1,"minecraft:spruce_trapdoor":4,"minecraft:cobblestone":174,"minecraft:bucket":1},"minecraft:mined":{"minecraft:red_carpet":3,"minecraft:spruce_planks":19,"minecraft:spruce_trapdoor":3,"minecraft:granite":32,"minecraft:grass_block":176,"minecraft:spruce_fence":1,"minecraft:spruce_leaves":19,"minecraft:large_fern":12,"minecraft:tall_seagrass":1,"minecraft:mossy_cobblestone_slab":1,"graveyard:tg_moss_block":19,"minecraft:stripped_spruce_log":5,"minecraft:pointed_dripstone":1,"minecraft:stone":364,"minecraft:red_wool":5,"minecraft:red_bed":1,"minecraft:crafting_table":2,"minecraft:torch":3,"minecraft:andesite_slab":2,"minecraft:cobblestone":9,"minecraft:tall_grass":4,"graveyard:tg_grass_block":3,"graveyard:lying_skeleton":1,"minecraft:sugar_cane":2,"minecraft:wall_torch":7,"antlers:sheep_corpse":1,"graveyard:vase_block":1,"minecraft:stripped_spruce_wood":1,"minecraft:sweet_berry_bush":6,"minecraft:spruce_log":46,"minecraft:grass":16,"minecraft:dripstone_block":5,"minecraft:sand":10,"minecraft:gravel":1,"minecraft:dirt":78,"minecraft:cobweb":5,"minecraft:fern":4},"minecraft:killed_by":{"undead_revamp2:sucker":3,"born_in_chaos_v1:baby_skeleton_minion":1,"minecraft:wither_skeleton":1,"born_in_chaos_v1:nightmare_stalker":2,"graveyard:ghoul":8,"man:managgresive":1,"apollyon:the_damned":1,"undead_revamp2:therod":1,"born_in_chaos_v1:corpse_fish":1,"antlers:wendigo":2,"graveyard:lich":3,"graveyard:revenant":1,"undead_revamp2:thesmoker":1,"born_in_chaos_v1:bonescaller_not_despawn":1,"arphex:teleport_ghost":1},"minecraft:crafted":{"minecraft:oak_planks":12,"minecraft:furnace":1,"minecraft:iron_axe":1,"minecraft:ladder":6,"minecraft:chest":2,"sophisticatedbackpacks:backpack":1,"minecraft:crafting_table":1,"minecraft:spruce_planks":60,"minecraft:iron_sword":1,"minecraft:red_bed":1,"minecraft:bucket":1,"minecraft:air":0,"minecraft:spruce_trapdoor":2,"minecraft:charcoal":13,"minecraft:shield":1,"minecraft:stick":72,"minecraft:torch":52},"minecraft:killed":{"graveyard:revenant":2,"born_in_chaos_v1:zombie_clown_not_despawn":2,"undead_revamp2:thesmoker":1,"born_in_chaos_v1:zombie_bruiser":3,"born_in_chaos_v1:baby_skeleton_minion":20,"born_in_chaos_v1:maggot":5,"graveyard:acolyte":1,"undead_revamp2:therod":3,"born_in_chaos_v1:corpse_fish":6,"graveyard:ghoul":10,"undead_revamp2:the_moonflower":1,"bwrtherain:spider_skull":3,"born_in_chaos_v1:decrepit_skeleton":1,"born_in_chaos_v1:bonescaller_not_despawn":3,"endofherobrine:sheep":2,"born_in_chaos_v1:door_knight":1},"minecraft:broken":{"minecraft:iron_shovel":1,"minecraft:iron_pickaxe":1,"minecraft:iron_sword":1,"minecraft:iron_helmet":1},"minecraft:custom":{"lootr:looted_stat":7,"minecraft:mob_kills":66,"minecraft:interact_with_anvil":4,"minecraft:interact_with_crafting_table":12,"minecraft:open_barrel":4,"minecraft:damage_dealt_resisted":336,"minecraft:leave_game":1,"minecraft:time_since_death":23135,"minecraft:climb_one_cm":33235,"minecraft:sprint_one_cm":206194,"minecraft:walk_one_cm":470357,"minecraft:damage_blocked_by_shield":1600,"minecraft:drop":11,"minecraft:play_time":130264,"minecraft:deaths":31,"minecraft:sneak_time":1291,"minecraft:walk_under_water_one_cm":27067,"minecraft:jump":1683,"minecraft:walk_on_water_one_cm":33513,"minecraft:total_world_time":130264,"minecraft:interact_with_furnace":2,"minecraft:sleep_in_bed":7,"minecraft:time_since_rest":23164,"minecraft:damage_taken":10260,"minecraft:damage_dealt":12401,"minecraft:swim_one_cm":53258,"minecraft:fly_one_cm":225860,"minecraft:open_chest":25,"minecraft:crouch_one_cm":2678,"minecraft:fall_one_cm":38191}},"DataVersion":3465}