{"stats":{"minecraft:picked_up":{"minecraft:crafting_table":2,"minecraft:wheat":4,"born_in_chaos_v1:seedof_chaos":4,"born_in_chaos_v1:black_argillite":1,"minecraft:red_bed":1,"minecraft:string":12,"minecraft:raw_copper":20,"born_in_chaos_v1:intoxicating_decoction":3,"graveyard:corruption":5,"minecraft:cracked_stone_bricks":1,"minecraft:spruce_planks":86,"minecraft:iron_pickaxe":1,"born_in_chaos_v1:stimulating_decoction":2,"minecraft:sugar_cane":7,"minecraft:birch_sapling":1,"minecraft:spruce_trapdoor":3,"minecraft:stick":11,"minecraft:raw_iron":32,"born_in_chaos_v1:shattered_skull":1,"minecraft:copper_ingot":5,"minecraft:oak_fence":1,"minecraft:torch":25,"minecraft:pointed_dripstone":7,"minecraft:diorite":20,"born_in_chaos_v1:pieceofdarkmetal":1,"minecraft:rotten_flesh":40,"minecraft:iron_bars":1,"undead_revamp2:arapholia":2,"minecraft:cobblestone":498,"born_in_chaos_v1:corpse_maggot":2,"minecraft:golden_carrot":2,"minecraft:andesite":1,"minecraft:flint":1,"minecraft:oak_log":35,"minecraft:lapis_lazuli":78,"minecraft:dirt":463,"antlers:tomahawkitem":2,"minecraft:red_carpet":7,"minecraft:bone":18,"minecraft:apple":1,"minecraft:wheat_seeds":3,"minecraft:moss_block":18,"minecraft:oak_planks":15,"minecraft:iron_sword":1,"minecraft:sweet_berries":19,"minecraft:red_wool":5,"minecraft:dripstone_block":14,"minecraft:gravel":21,"minecraft:sand":18,"minecraft:spruce_sapling":15,"minecraft:spruce_log":64,"minecraft:granite":36,"minecraft:bread":30,"minecraft:oak_sapling":2,"born_in_chaos_v1:rotten_fish":7,"minecraft:andesite_slab":2,"minecraft:coal":9},"minecraft:dropped":{"minecraft:bread":10,"minecraft:iron_sword":1,"minecraft:spectral_arrow":5,"undead_revamp2:arapholia":1,"minecraft:spruce_planks":14,"minecraft:melon_seeds":4,"minecraft:spruce_log":3},"minecraft:used":{"minecraft:oak_fence":1,"minecraft:iron_bars":1,"minecraft:iron_shovel":453,"minecraft:ladder":6,"minecraft:chest":1,"minecraft:spruce_planks":6,"minecraft:shield":79,"minecraft:iron_sword":264,"minecraft:torch":106,"minecraft:dirt":127,"minecraft:granite":36,"minecraft:iron_axe":190,"minecraft:red_carpet":6,"minecraft:golden_carrot":7,"minecraft:sweet_berries":3,"minecraft:oak_sapling":3,"minecraft:furnace":1,"minecraft:oak_planks":117,"minecraft:andesite_slab":1,"minecraft:sand":18,"minecraft:crafting_table":3,"minecraft:red_bed":2,"minecraft:dripstone_block":2,"minecraft:spruce_log":20,"dixtas_armory:iron_katana":11,"minecraft:string":1,"minecraft:bread":30,"minecraft:iron_pickaxe":657,"minecraft:spruce_trapdoor":4,"minecraft:cobblestone":206,"minecraft:bucket":1,"dixtas_armory:iron_battle_axe":7},"minecraft:mined":{"minecraft:red_carpet":3,"minecraft:spruce_planks":23,"minecraft:oak_sapling":1,"minecraft:spruce_trapdoor":3,"minecraft:granite":36,"minecraft:grass_block":258,"minecraft:spruce_fence":1,"born_in_chaos_v1:black_argillite":1,"minecraft:spruce_leaves":32,"minecraft:large_fern":12,"minecraft:tall_seagrass":1,"minecraft:mossy_cobblestone_slab":1,"graveyard:tg_moss_block":19,"minecraft:iron_ore":35,"minecraft:andesite":1,"minecraft:stripped_spruce_log":5,"minecraft:pointed_dripstone":2,"minecraft:stone":488,"minecraft:red_wool":5,"minecraft:red_bed":1,"minecraft:oak_fence":2,"minecraft:crafting_table":2,"minecraft:torch":10,"minecraft:andesite_slab":2,"minecraft:copper_ore":6,"graveyard:tg_grass_block":3,"minecraft:tall_grass":4,"minecraft:cobblestone":17,"minecraft:diorite":20,"minecraft:lapis_ore":12,"graveyard:lying_skeleton":1,"minecraft:sugar_cane":2,"minecraft:oak_planks":15,"minecraft:wall_torch":8,"graveyard:vase_block":1,"minecraft:stripped_spruce_wood":1,"antlers:sheep_corpse":1,"minecraft:sweet_berry_bush":6,"minecraft:spruce_log":62,"minecraft:grass":16,"minecraft:coal_ore":10,"minecraft:oak_log":32,"minecraft:dripstone_block":15,"minecraft:gravel":12,"minecraft:sand":18,"minecraft:dirt":198,"minecraft:cobweb":5,"minecraft:oak_leaves":6,"minecraft:fern":4},"minecraft:killed_by":{"undead_revamp2:sucker":3,"born_in_chaos_v1:baby_skeleton_minion":1,"minecraft:wither_skeleton":1,"born_in_chaos_v1:nightmare_stalker":2,"graveyard:ghoul":8,"man:managgresive":1,"apollyon:the_damned":2,"undead_revamp2:therod":1,"born_in_chaos_v1:corpse_fish":1,"antlers:wendigo":3,"graveyard:lich":3,"graveyard:revenant":1,"undead_revamp2:thesmoker":1,"born_in_chaos_v1:bonescaller_not_despawn":1,"arphex:teleport_ghost":1},"minecraft:crafted":{"minecraft:oak_planks":140,"minecraft:furnace":1,"dixtas_armory:iron_battle_axe":1,"minecraft:iron_axe":1,"minecraft:ladder":6,"minecraft:chest":2,"sophisticatedbackpacks:backpack":1,"minecraft:crafting_table":1,"minecraft:spruce_planks":60,"minecraft:iron_sword":1,"minecraft:red_bed":1,"minecraft:bucket":1,"minecraft:bread":1,"minecraft:air":0,"minecraft:spruce_trapdoor":2,"minecraft:book":1,"minecraft:paper":3,"minecraft:charcoal":13,"minecraft:shield":1,"minecraft:stick":76,"minecraft:iron_shovel":2,"minecraft:torch":88,"dixtas_armory:iron_katana":1},"minecraft:killed":{"graveyard:revenant":2,"born_in_chaos_v1:zombie_clown_not_despawn":2,"undead_revamp2:thesmoker":1,"born_in_chaos_v1:zombie_bruiser":3,"born_in_chaos_v1:baby_skeleton_minion":20,"born_in_chaos_v1:maggot":6,"graveyard:acolyte":1,"undead_revamp2:thebidy":1,"undead_revamp2:therod":3,"born_in_chaos_v1:corpse_fish":7,"graveyard:ghoul":10,"undead_revamp2:the_moonflower":1,"bwrtherain:spider_skull":3,"born_in_chaos_v1:decrepit_skeleton":2,"minecraft:zombie":2,"born_in_chaos_v1:bonescaller_not_despawn":3,"endofherobrine:sheep":2,"born_in_chaos_v1:door_knight":1},"minecraft:broken":{"minecraft:iron_shovel":1,"minecraft:iron_sword":1,"minecraft:iron_pickaxe":2,"minecraft:iron_helmet":1},"minecraft:custom":{"lootr:looted_stat":7,"minecraft:mob_kills":72,"minecraft:interact_with_anvil":4,"minecraft:interact_with_crafting_table":18,"minecraft:open_barrel":4,"minecraft:damage_dealt_resisted":336,"minecraft:leave_game":2,"minecraft:time_since_death":13888,"minecraft:climb_one_cm":43528,"minecraft:sprint_one_cm":330022,"minecraft:walk_one_cm":727134,"minecraft:damage_blocked_by_shield":1620,"minecraft:drop":11,"minecraft:play_time":201962,"minecraft:deaths":33,"minecraft:sneak_time":5938,"minecraft:walk_under_water_one_cm":68764,"minecraft:jump":2267,"minecraft:walk_on_water_one_cm":58362,"minecraft:total_world_time":201962,"minecraft:interact_with_furnace":2,"minecraft:sleep_in_bed":11,"minecraft:time_since_rest":13918,"minecraft:damage_taken":11042,"minecraft:damage_dealt":13549,"minecraft:swim_one_cm":71810,"minecraft:fly_one_cm":298064,"minecraft:player_kills":2,"minecraft:open_chest":70,"minecraft:crouch_one_cm":14029,"minecraft:fall_one_cm":42906}},"DataVersion":3465}