{"stats":{"minecraft:mined":{"minecraft:deepslate_redstone_ore":6,"minecraft:acacia_leaves":3,"minecraft:deepslate_diamond_ore":6,"born_in_chaos_v1:infected_diamond_ore":1,"cctvcraft:aluminum_ore":5,"minecraft:granite":16,"minecraft:acacia_log":5,"minecraft:grass_block":4,"minecraft:tall_grass":4,"minecraft:copper_ore":1,"minecraft:cobblestone":2,"minecraft:lapis_ore":1,"minecraft:diorite":13,"minecraft:wall_torch":1,"minecraft:iron_ore":10,"minecraft:andesite":17,"minecraft:grass":10,"minecraft:dirt":48,"minecraft:smooth_basalt":7,"minecraft:stone":182,"minecraft:deepslate":178},"minecraft:crafted":{"minecraft:stone_shovel":1,"minecraft:cooked_porkchop":11,"minecraft:crafting_table":1,"minecraft:wooden_pickaxe":1,"dixtas_armory:stone_greatsword":1,"minecraft:stone_axe":1,"minecraft:air":0,"minecraft:charcoal":14,"minecraft:stick":24,"minecraft:iron_ingot":10,"minecraft:iron_pickaxe":2,"minecraft:stone_pickaxe":2,"minecraft:chest":1,"minecraft:white_bed":4,"minecraft:acacia_planks":56,"minecraft:torch":28,"minecraft:stone_hoe":1,"minecraft:shears":1},"minecraft:custom":{"minecraft:interact_with_furnace":16,"minecraft:mob_kills":11,"minecraft:interact_with_crafting_table":18,"minecraft:leave_game":1,"minecraft:time_since_death":17161,"minecraft:sleep_in_bed":1,"minecraft:time_since_rest":11192,"minecraft:sprint_one_cm":34526,"minecraft:damage_taken":10000180,"minecraft:walk_one_cm":127777,"minecraft:drop":3,"minecraft:damage_dealt":1158,"minecraft:swim_one_cm":26809,"minecraft:fly_one_cm":90570,"minecraft:open_chest":20,"minecraft:crouch_one_cm":941,"minecraft:play_time":45822,"minecraft:deaths":1,"minecraft:sneak_time":511,"minecraft:walk_under_water_one_cm":7619,"minecraft:jump":799,"minecraft:walk_on_water_one_cm":4292,"minecraft:total_world_time":45822,"minecraft:fall_one_cm":13846},"minecraft:picked_up":{"born_in_chaos_v1:diamond_termite_shard":1,"minecraft:andesite":17,"minecraft:leather":4,"minecraft:lapis_lazuli":7,"minecraft:dirt":53,"minecraft:raw_copper":3,"dixtas_armory:stone_greatsword":1,"minecraft:bone":2,"minecraft:acacia_planks":20,"minecraft:wheat_seeds":2,"minecraft:cobbled_deepslate":178,"minecraft:stone_pickaxe":2,"minecraft:beef":16,"minecraft:iron_pickaxe":1,"minecraft:light_gray_wool":2,"minecraft:acacia_sapling":3,"minecraft:stone_hoe":1,"cctvcraft:raw_aluminum":10,"minecraft:raw_iron":10,"minecraft:smooth_basalt":7,"minecraft:torch":45,"minecraft:acacia_log":9,"minecraft:porkchop":16,"minecraft:diorite":13,"minecraft:redstone":28,"minecraft:stone_shovel":1,"minecraft:diamond":6,"minecraft:stone_axe":1,"minecraft:granite":15,"minecraft:gray_wool":1,"minecraft:white_wool":13,"minecraft:cobblestone":186},"minecraft:broken":{"minecraft:stone_pickaxe":1,"minecraft:iron_pickaxe":1},"minecraft:killed_by":{"bwrtherain:vapor":1},"minecraft:dropped":{"minecraft:acacia_log":1,"minecraft:iron_pickaxe":1,"minecraft:acacia_planks":20},"minecraft:killed":{"minecraft:pig":6,"born_in_chaos_v1:diamond_termite":1,"minecraft:cow":4},"minecraft:used":{"minecraft:wheat_seeds":2,"minecraft:stone_pickaxe":175,"minecraft:stone_shovel":27,"minecraft:chest":1,"minecraft:wooden_pickaxe":11,"minecraft:stone_hoe":2,"minecraft:torch":54,"minecraft:dirt":31,"minecraft:crafting_table":1,"minecraft:white_bed":2,"minecraft:acacia_sapling":3,"minecraft:granite":8,"dixtas_armory:stone_greatsword":29,"minecraft:iron_pickaxe":263,"minecraft:cobblestone":60,"minecraft:cooked_porkchop":1}},"DataVersion":3465}