{"stats":{"minecraft:picked_up":{"minecraft:wheat":4,"born_in_chaos_v1:corpse_maggot":2,"minecraft:crafting_table":2,"minecraft:golden_carrot":2,"minecraft:oak_log":3,"minecraft:string":8,"minecraft:dirt":230,"minecraft:red_carpet":7,"minecraft:bone":5,"minecraft:spruce_planks":1,"minecraft:iron_pickaxe":1,"minecraft:iron_sword":1,"minecraft:sugar_cane":7,"minecraft:spruce_trapdoor":3,"minecraft:stick":7,"minecraft:sweet_berries":8,"minecraft:red_wool":5,"minecraft:torch":13,"minecraft:dripstone_block":5,"minecraft:gravel":1,"minecraft:sand":10,"minecraft:spruce_sapling":11,"minecraft:pointed_dripstone":1,"minecraft:spruce_log":42,"minecraft:rotten_flesh":18,"minecraft:granite":32,"minecraft:bread":10,"born_in_chaos_v1:rotten_fish":6,"minecraft:andesite_slab":1,"undead_revamp2:arapholia":2,"minecraft:cobblestone":371},"minecraft:dropped":{"minecraft:bread":10,"minecraft:iron_sword":1,"undead_revamp2:arapholia":1},"minecraft:used":{"minecraft:iron_shovel":243,"minecraft:ladder":6,"minecraft:spruce_planks":1,"minecraft:shield":31,"minecraft:iron_sword":129,"minecraft:torch":43,"minecraft:dirt":12,"minecraft:sand":7,"minecraft:crafting_table":3,"minecraft:dripstone_block":2,"minecraft:granite":12,"minecraft:spruce_log":16,"minecraft:iron_axe":53,"minecraft:bread":13,"minecraft:iron_pickaxe":419,"minecraft:spruce_trapdoor":4,"minecraft:red_carpet":6,"minecraft:cobblestone":174,"minecraft:furnace":1,"minecraft:bucket":1},"minecraft:mined":{"minecraft:red_carpet":3,"minecraft:red_wool":5,"minecraft:torch":3,"minecraft:crafting_table":2,"minecraft:spruce_trapdoor":3,"minecraft:granite":32,"minecraft:grass_block":168,"minecraft:andesite_slab":1,"minecraft:cobblestone":9,"minecraft:spruce_leaves":6,"graveyard:lying_skeleton":1,"minecraft:sugar_cane":2,"minecraft:wall_torch":6,"minecraft:large_fern":2,"minecraft:tall_seagrass":1,"minecraft:mossy_cobblestone_slab":1,"antlers:sheep_corpse":1,"minecraft:sweet_berry_bush":3,"minecraft:spruce_log":42,"minecraft:grass":5,"minecraft:pointed_dripstone":1,"minecraft:gravel":1,"minecraft:sand":10,"minecraft:dripstone_block":5,"minecraft:dirt":65,"minecraft:cobweb":2,"minecraft:stone":364,"minecraft:fern":1},"minecraft:crafted":{"minecraft:crafting_table":1,"minecraft:spruce_planks":52,"minecraft:furnace":1,"minecraft:bucket":1,"minecraft:air":0,"minecraft:spruce_trapdoor":2,"minecraft:charcoal":13,"minecraft:shield":1,"minecraft:iron_axe":1,"minecraft:ladder":6,"minecraft:stick":72,"minecraft:torch":52},"minecraft:killed_by":{"man:managgresive":1,"apollyon:the_damned":1,"undead_revamp2:sucker":3,"born_in_chaos_v1:nightmare_stalker":2,"born_in_chaos_v1:corpse_fish":1,"antlers:wendigo":2,"undead_revamp2:thesmoker":1,"born_in_chaos_v1:bonescaller_not_despawn":1},"minecraft:killed":{"graveyard:ghoul":1,"undead_revamp2:the_moonflower":1,"undead_revamp2:thesmoker":1,"born_in_chaos_v1:zombie_bruiser":3,"born_in_chaos_v1:maggot":5,"born_in_chaos_v1:baby_skeleton_minion":18,"undead_revamp2:therod":1,"born_in_chaos_v1:corpse_fish":6,"endofherobrine:sheep":2,"born_in_chaos_v1:door_knight":1},"minecraft:broken":{"minecraft:iron_pickaxe":1},"minecraft:custom":{"lootr:looted_stat":7,"minecraft:interact_with_furnace":2,"minecraft:mob_kills":39,"minecraft:interact_with_crafting_table":8,"minecraft:open_barrel":4,"minecraft:damage_dealt_resisted":183,"minecraft:leave_game":1,"minecraft:time_since_death":46,"minecraft:climb_one_cm":31013,"minecraft:time_since_rest":79,"minecraft:sprint_one_cm":105035,"minecraft:damage_taken":3953,"minecraft:walk_one_cm":315588,"minecraft:damage_blocked_by_shield":570,"minecraft:drop":3,"minecraft:damage_dealt":6644,"minecraft:swim_one_cm":40160,"minecraft:fly_one_cm":102692,"minecraft:open_chest":7,"minecraft:crouch_one_cm":1630,"minecraft:play_time":70264,"minecraft:deaths":12,"minecraft:sneak_time":560,"minecraft:walk_under_water_one_cm":26430,"minecraft:jump":821,"minecraft:walk_on_water_one_cm":22153,"minecraft:total_world_time":70264,"minecraft:fall_one_cm":15378}},"DataVersion":3465}