{"stats":{"minecraft:custom":{"minecraft:jump":42,"minecraft:time_since_rest":13727,"minecraft:damage_dealt":20,"minecraft:crouch_one_cm":158,"minecraft:walk_on_water_one_cm":1823,"minecraft:sprint_one_cm":1440,"minecraft:play_time":13727,"minecraft:damage_taken":160,"minecraft:time_since_death":13727,"minecraft:walk_one_cm":3419,"minecraft:sneak_time":444,"minecraft:climb_one_cm":1399,"minecraft:total_world_time":13727,"minecraft:walk_under_water_one_cm":785,"minecraft:fall_one_cm":1726,"minecraft:fly_one_cm":157981}},"DataVersion":3465}