{"stats":{"minecraft:picked_up":{"minecraft:charcoal":3,"born_in_chaos_v1:diamond_termite_shard":1,"minecraft:crafting_table":2,"minecraft:wheat":4,"born_in_chaos_v1:seedof_chaos":4,"born_in_chaos_v1:black_argillite":1,"minecraft:red_bed":2,"minecraft:string":13,"minecraft:raw_copper":20,"graveyard:candle_holder":1,"born_in_chaos_v1:intoxicating_decoction":3,"graveyard:corruption":15,"minecraft:cracked_stone_bricks":1,"minecraft:deepslate_tiles":1,"minecraft:cobbled_deepslate":5,"minecraft:spruce_planks":87,"minecraft:iron_pickaxe":1,"born_in_chaos_v1:stimulating_decoction":2,"minecraft:sugar_cane":7,"minecraft:birch_sapling":1,"minecraft:spruce_trapdoor":3,"minecraft:stick":17,"minecraft:raw_iron":55,"born_in_chaos_v1:shattered_skull":1,"minecraft:copper_ingot":5,"minecraft:oak_fence":1,"minecraft:torch":40,"minecraft:pointed_dripstone":13,"minecraft:diorite":26,"born_in_chaos_v1:pieceofdarkmetal":1,"minecraft:rotten_flesh":47,"minecraft:deepslate_bricks":2,"minecraft:cracked_deepslate_bricks":1,"minecraft:deepslate_brick_stairs":1,"minecraft:iron_bars":1,"undead_revamp2:arapholia":2,"minecraft:cobblestone":628,"minecraft:cracked_deepslate_tiles":2,"born_in_chaos_v1:corpse_maggot":2,"minecraft:golden_carrot":2,"minecraft:andesite":1,"minecraft:flint":1,"minecraft:oak_log":37,"minecraft:lapis_lazuli":78,"minecraft:dirt":564,"antlers:tomahawkitem":2,"minecraft:leather_boots":1,"minecraft:red_carpet":7,"minecraft:bone":18,"minecraft:apple":1,"minecraft:wheat_seeds":3,"minecraft:iron_ingot":1,"minecraft:moss_block":18,"minecraft:oak_planks":39,"minecraft:iron_sword":1,"minecraft:sweet_berries":19,"minecraft:red_wool":5,"minecraft:dripstone_block":14,"minecraft:gravel":21,"minecraft:sand":38,"minecraft:spruce_sapling":28,"minecraft:spruce_log":150,"minecraft:white_candle":4,"minecraft:granite":55,"minecraft:bread":32,"minecraft:oak_sapling":2,"born_in_chaos_v1:rotten_fish":7,"minecraft:andesite_slab":2,"minecraft:coal":43},"minecraft:dropped":{"minecraft:bread":10,"minecraft:iron_sword":1,"minecraft:spectral_arrow":5,"undead_revamp2:arapholia":1,"minecraft:spruce_planks":14,"minecraft:melon_seeds":4,"minecraft:spruce_log":3},"minecraft:used":{"minecraft:oak_fence":1,"minecraft:iron_bars":1,"minecraft:iron_shovel":483,"minecraft:flint_and_steel":1,"minecraft:ladder":6,"minecraft:chest":2,"minecraft:spruce_planks":124,"minecraft:shield":89,"born_in_chaos_v1:black_argillite":1,"minecraft:iron_sword":289,"minecraft:oak_door":1,"minecraft:torch":181,"minecraft:dirt":219,"minecraft:granite":36,"minecraft:iron_axe":322,"minecraft:red_carpet":6,"minecraft:golden_carrot":7,"minecraft:sweet_berries":3,"minecraft:oak_sapling":3,"minecraft:furnace":1,"minecraft:cobbled_deepslate":5,"minecraft:diorite":26,"minecraft:oak_planks":142,"minecraft:andesite_slab":1,"minecraft:sand":18,"minecraft:tnt":1,"minecraft:crafting_table":4,"minecraft:red_bed":3,"minecraft:dripstone_block":2,"minecraft:spruce_log":30,"minecraft:deepslate_tiles":1,"antlers:jerkey":2,"dixtas_armory:iron_katana":104,"minecraft:string":1,"minecraft:bread":48,"minecraft:iron_pickaxe":876,"minecraft:spruce_trapdoor":4,"minecraft:cobblestone":292,"minecraft:andesite":1,"minecraft:bucket":1,"dixtas_armory:iron_battle_axe":12},"minecraft:mined":{"minecraft:deepslate_tiles":1,"minecraft:red_carpet":3,"minecraft:spruce_planks":24,"minecraft:oak_sapling":1,"graveyard:candle_holder":1,"antlers:bloody_fox":1,"born_in_chaos_v1:infected_diamond_ore":1,"minecraft:spruce_trapdoor":3,"minecraft:granite":55,"minecraft:grass_block":267,"minecraft:spruce_fence":1,"born_in_chaos_v1:black_argillite":1,"minecraft:deepslate_bricks":2,"minecraft:spruce_leaves":47,"minecraft:spawner":1,"minecraft:large_fern":12,"minecraft:tall_seagrass":1,"minecraft:mossy_cobblestone_slab":1,"graveyard:tg_moss_block":19,"minecraft:iron_ore":55,"minecraft:cobbled_deepslate":1,"minecraft:andesite":1,"minecraft:stripped_spruce_log":5,"minecraft:pointed_dripstone":6,"minecraft:deepslate_iron_ore":2,"minecraft:deepslate_brick_stairs":1,"minecraft:stone":609,"minecraft:red_wool":5,"minecraft:red_bed":2,"minecraft:oak_fence":2,"minecraft:crafting_table":2,"minecraft:torch":15,"minecraft:andesite_slab":2,"minecraft:copper_ore":6,"graveyard:tg_grass_block":3,"minecraft:tall_grass":4,"minecraft:cobblestone":24,"minecraft:white_candle":2,"minecraft:cracked_deepslate_bricks":1,"minecraft:diorite":26,"minecraft:lapis_ore":12,"graveyard:lying_skeleton":1,"minecraft:sugar_cane":2,"minecraft:oak_planks":40,"minecraft:wall_torch":12,"graveyard:vase_block":1,"minecraft:stripped_spruce_wood":1,"antlers:sheep_corpse":1,"minecraft:sweet_berry_bush":6,"minecraft:spruce_log":149,"minecraft:cracked_deepslate_tiles":2,"minecraft:grass":16,"minecraft:coal_ore":30,"minecraft:oak_log":32,"minecraft:dripstone_block":15,"minecraft:gravel":12,"minecraft:sand":24,"minecraft:dirt":228,"minecraft:cobweb":6,"minecraft:deepslate":5,"minecraft:oak_leaves":6,"minecraft:fern":5},"minecraft:killed_by":{"undead_revamp2:sucker":3,"born_in_chaos_v1:baby_skeleton_minion":1,"minecraft:wither_skeleton":1,"born_in_chaos_v1:nightmare_stalker":2,"graveyard:ghoul":8,"man:managgresive":1,"apollyon:the_damned":2,"undead_revamp2:therod":1,"born_in_chaos_v1:corpse_fish":1,"antlers:wendigo":14,"graveyard:lich":3,"graveyard:revenant":1,"undead_revamp2:thesmoker":1,"graveyard:wraith":2,"born_in_chaos_v1:bonescaller_not_despawn":1,"arphex:teleport_ghost":1},"minecraft:crafted":{"minecraft:oak_door":3,"minecraft:oak_planks":140,"minecraft:furnace":1,"dixtas_armory:iron_battle_axe":1,"minecraft:flint_and_steel":1,"antlers:jerkey":18,"minecraft:iron_axe":2,"minecraft:ladder":6,"minecraft:chest":3,"sophisticatedbackpacks:backpack":1,"minecraft:crafting_table":2,"minecraft:spruce_planks":128,"minecraft:iron_sword":1,"minecraft:red_bed":1,"minecraft:bucket":1,"minecraft:bread":1,"minecraft:air":0,"minecraft:tnt":1,"minecraft:spruce_trapdoor":2,"minecraft:white_wool":3,"minecraft:book":1,"minecraft:paper":3,"minecraft:charcoal":13,"minecraft:shield":2,"minecraft:stick":76,"minecraft:iron_ingot":40,"minecraft:iron_shovel":2,"minecraft:white_bed":1,"minecraft:torch":168,"minecraft:shears":1,"dixtas_armory:iron_katana":1},"minecraft:killed":{"undead_revamp2:thegliter":1,"born_in_chaos_v1:zombie_lumberjack":1,"graveyard:revenant":2,"born_in_chaos_v1:zombie_clown_not_despawn":2,"undead_revamp2:thesmoker":2,"graveyard:wraith":6,"born_in_chaos_v1:zombie_bruiser":3,"born_in_chaos_v1:baby_skeleton_minion":20,"born_in_chaos_v1:maggot":6,"graveyard:acolyte":1,"undead_revamp2:thebidy":1,"undead_revamp2:therod":3,"born_in_chaos_v1:corpse_fish":7,"antlers:wendigo":1,"graveyard:ghoul":10,"born_in_chaos_v1:diamond_termite":1,"undead_revamp2:the_moonflower":1,"bwrtherain:spider_skull":3,"born_in_chaos_v1:decrepit_skeleton":2,"minecraft:zombie":2,"born_in_chaos_v1:bonescaller_not_despawn":3,"endofherobrine:sheep":2,"born_in_chaos_v1:door_knight":1,"graveyard:corrupted_pillager":10},"minecraft:broken":{"minecraft:iron_shovel":1,"minecraft:iron_chestplate":1,"minecraft:shield":1,"minecraft:iron_axe":1,"minecraft:iron_sword":1,"minecraft:iron_pickaxe":3,"minecraft:iron_helmet":1},"minecraft:custom":{"lootr:looted_stat":8,"minecraft:mob_kills":94,"minecraft:interact_with_anvil":4,"minecraft:interact_with_crafting_table":28,"minecraft:open_barrel":4,"minecraft:damage_dealt_resisted":352,"minecraft:leave_game":2,"minecraft:time_since_death":20759,"minecraft:climb_one_cm":63628,"minecraft:sprint_one_cm":419957,"minecraft:walk_one_cm":1014187,"minecraft:damage_blocked_by_shield":2400,"minecraft:drop":11,"minecraft:play_time":279962,"minecraft:deaths":47,"minecraft:sneak_time":10091,"minecraft:walk_under_water_one_cm":68930,"minecraft:jump":2855,"minecraft:walk_on_water_one_cm":62056,"minecraft:total_world_time":279962,"minecraft:interact_with_furnace":8,"minecraft:sleep_in_bed":14,"minecraft:time_since_rest":3915,"minecraft:damage_taken":16069,"minecraft:damage_dealt":20286,"minecraft:swim_one_cm":72230,"minecraft:fly_one_cm":335919,"minecraft:player_kills":2,"minecraft:open_chest":121,"minecraft:crouch_one_cm":22876,"minecraft:fall_one_cm":54779}},"DataVersion":3465}