{"stats":{"minecraft:custom":{"minecraft:time_since_rest":1991,"minecraft:crouch_one_cm":190,"minecraft:play_time":25727,"minecraft:sprint_one_cm":10364,"minecraft:walk_one_cm":16408,"minecraft:damage_taken":960,"minecraft:deaths":4,"minecraft:sneak_time":463,"minecraft:walk_under_water_one_cm":9189,"minecraft:mob_kills":1,"minecraft:drop":2,"minecraft:jump":159,"minecraft:damage_dealt":42,"minecraft:time_since_death":1962,"minecraft:walk_on_water_one_cm":7696,"minecraft:total_world_time":25727,"minecraft:climb_one_cm":4397,"minecraft:interact_with_crafting_table":2,"minecraft:swim_one_cm":2003,"minecraft:fly_one_cm":181078,"minecraft:fall_one_cm":4257},"minecraft:picked_up":{"minecraft:rotten_flesh":1,"minecraft:jungle_log":4,"minecraft:wheat_seeds":1,"minecraft:cobblestone":5,"minecraft:egg":1},"minecraft:mined":{"minecraft:grass":1,"minecraft:vine":6,"minecraft:jungle_log":4,"minecraft:stone":5,"minecraft:fern":2},"minecraft:dropped":{"minecraft:wheat_seeds":1,"minecraft:egg":1},"minecraft:crafted":{"minecraft:crafting_table":1,"minecraft:stick":4,"minecraft:wooden_pickaxe":1,"minecraft:jungle_planks":16},"minecraft:killed_by":{"minecraft:skeleton":2,"minecraft:drowned":1},"minecraft:used":{"minecraft:crafting_table":1,"minecraft:wooden_pickaxe":5}},"DataVersion":3465}