{"stats":{"minecraft:picked_up":{"minecraft:rotten_flesh":5,"minecraft:sand":1,"minecraft:sugar_cane":7},"minecraft:used":{"minecraft:sand":1},"minecraft:mined":{"antlers:sheep_corpse":1,"minecraft:sand":1,"minecraft:spruce_leaves":1,"minecraft:sugar_cane":2},"minecraft:custom":{"minecraft:open_barrel":4,"minecraft:time_since_rest":5760,"minecraft:open_chest":1,"minecraft:crouch_one_cm":452,"minecraft:play_time":5760,"lootr:looted_stat":7,"minecraft:sprint_one_cm":26345,"minecraft:damage_taken":49,"minecraft:walk_one_cm":18237,"minecraft:sneak_time":54,"minecraft:walk_under_water_one_cm":264,"minecraft:jump":118,"minecraft:damage_dealt":6,"minecraft:time_since_death":5760,"minecraft:walk_on_water_one_cm":2586,"minecraft:total_world_time":5760,"minecraft:climb_one_cm":557,"minecraft:swim_one_cm":7191,"minecraft:fall_one_cm":3926,"minecraft:fly_one_cm":24581}},"DataVersion":3465}