{"stats":{"minecraft:picked_up":{"minecraft:wheat":4,"born_in_chaos_v1:corpse_maggot":2,"minecraft:crafting_table":2,"minecraft:golden_carrot":2,"born_in_chaos_v1:seedof_chaos":4,"minecraft:oak_log":3,"minecraft:string":12,"minecraft:dirt":231,"antlers:tomahawkitem":1,"minecraft:red_carpet":7,"minecraft:bone":12,"graveyard:corruption":1,"minecraft:wheat_seeds":1,"minecraft:spruce_planks":1,"minecraft:moss_block":4,"minecraft:iron_pickaxe":1,"minecraft:iron_sword":1,"minecraft:sugar_cane":7,"minecraft:spruce_trapdoor":3,"minecraft:stick":7,"born_in_chaos_v1:shattered_skull":1,"minecraft:sweet_berries":11,"minecraft:copper_ingot":2,"minecraft:red_wool":5,"minecraft:torch":13,"minecraft:dripstone_block":5,"minecraft:gravel":1,"minecraft:sand":10,"minecraft:spruce_sapling":11,"minecraft:pointed_dripstone":1,"born_in_chaos_v1:pieceofdarkmetal":1,"minecraft:spruce_log":42,"minecraft:rotten_flesh":21,"minecraft:granite":32,"minecraft:bread":10,"born_in_chaos_v1:rotten_fish":6,"minecraft:andesite_slab":2,"undead_revamp2:arapholia":2,"minecraft:cobblestone":371},"minecraft:dropped":{"minecraft:bread":10,"minecraft:iron_sword":1,"undead_revamp2:arapholia":1},"minecraft:used":{"minecraft:iron_shovel":243,"minecraft:ladder":6,"minecraft:andesite_slab":1,"minecraft:spruce_planks":1,"minecraft:shield":55,"minecraft:iron_sword":182,"minecraft:torch":43,"minecraft:dirt":12,"minecraft:sand":7,"minecraft:crafting_table":3,"minecraft:dripstone_block":2,"minecraft:granite":12,"minecraft:spruce_log":16,"minecraft:string":1,"minecraft:iron_axe":53,"minecraft:bread":19,"minecraft:iron_pickaxe":421,"minecraft:spruce_trapdoor":4,"minecraft:red_carpet":6,"minecraft:golden_carrot":2,"minecraft:cobblestone":174,"minecraft:sweet_berries":3,"minecraft:furnace":1,"minecraft:bucket":1},"minecraft:mined":{"minecraft:red_carpet":3,"minecraft:red_wool":5,"minecraft:torch":3,"minecraft:crafting_table":2,"minecraft:spruce_trapdoor":3,"minecraft:granite":32,"minecraft:grass_block":168,"minecraft:andesite_slab":2,"minecraft:tall_grass":1,"minecraft:cobblestone":9,"minecraft:spruce_leaves":8,"graveyard:lying_skeleton":1,"minecraft:sugar_cane":2,"minecraft:wall_torch":6,"minecraft:large_fern":8,"minecraft:tall_seagrass":1,"minecraft:mossy_cobblestone_slab":1,"antlers:sheep_corpse":1,"graveyard:tg_moss_block":2,"minecraft:sweet_berry_bush":4,"minecraft:spruce_log":42,"minecraft:grass":5,"minecraft:pointed_dripstone":1,"minecraft:gravel":1,"minecraft:sand":10,"minecraft:dripstone_block":5,"minecraft:dirt":65,"minecraft:cobweb":5,"minecraft:stone":364,"minecraft:fern":2},"minecraft:crafted":{"minecraft:crafting_table":1,"minecraft:spruce_planks":52,"minecraft:furnace":1,"minecraft:bucket":1,"minecraft:air":0,"minecraft:spruce_trapdoor":2,"minecraft:charcoal":13,"minecraft:shield":1,"minecraft:iron_axe":1,"minecraft:ladder":6,"minecraft:stick":72,"minecraft:torch":52},"minecraft:killed_by":{"man:managgresive":1,"apollyon:the_damned":1,"undead_revamp2:sucker":3,"born_in_chaos_v1:baby_skeleton_minion":1,"undead_revamp2:therod":1,"born_in_chaos_v1:nightmare_stalker":2,"graveyard:ghoul":2,"born_in_chaos_v1:corpse_fish":1,"antlers:wendigo":2,"undead_revamp2:thesmoker":1,"born_in_chaos_v1:bonescaller_not_despawn":1,"arphex:teleport_ghost":1},"minecraft:killed":{"graveyard:ghoul":4,"undead_revamp2:the_moonflower":1,"undead_revamp2:thesmoker":1,"bwrtherain:spider_skull":3,"born_in_chaos_v1:zombie_bruiser":3,"born_in_chaos_v1:maggot":5,"born_in_chaos_v1:baby_skeleton_minion":20,"graveyard:acolyte":1,"born_in_chaos_v1:bonescaller_not_despawn":3,"undead_revamp2:therod":1,"born_in_chaos_v1:corpse_fish":6,"endofherobrine:sheep":2,"born_in_chaos_v1:door_knight":1},"minecraft:broken":{"minecraft:iron_pickaxe":1},"minecraft:custom":{"lootr:looted_stat":7,"minecraft:interact_with_furnace":2,"minecraft:interact_with_anvil":1,"minecraft:mob_kills":51,"minecraft:interact_with_crafting_table":8,"minecraft:open_barrel":4,"minecraft:damage_dealt_resisted":315,"minecraft:sleep_in_bed":7,"minecraft:leave_game":1,"minecraft:time_since_death":304,"minecraft:climb_one_cm":31976,"minecraft:time_since_rest":336,"minecraft:sprint_one_cm":142945,"minecraft:damage_taken":5840,"minecraft:walk_one_cm":361915,"minecraft:damage_blocked_by_shield":1090,"minecraft:drop":3,"minecraft:damage_dealt":8566,"minecraft:swim_one_cm":46679,"minecraft:fly_one_cm":143491,"minecraft:open_chest":7,"minecraft:crouch_one_cm":1630,"minecraft:play_time":82264,"minecraft:deaths":17,"minecraft:sneak_time":560,"minecraft:walk_under_water_one_cm":26517,"minecraft:jump":1077,"minecraft:walk_on_water_one_cm":24069,"minecraft:total_world_time":82264,"minecraft:fall_one_cm":22542}},"DataVersion":3465}