{"stats":{"minecraft:picked_up":{"minecraft:coarse_dirt":2,"minecraft:crafting_table":2,"minecraft:magma_block":1,"minecraft:wheat":9,"minecraft:air":0,"minecraft:golden_carrot":10,"minecraft:ladder":4,"minecraft:stone_slab":1,"minecraft:diamond_sword":2,"minecraft:packed_mud":1,"minecraft:stripped_spruce_wood":1,"minecraft:stone_brick_stairs":2,"minecraft:dirt":69,"minecraft:string":11,"minecraft:red_bed":3,"antlers:tomahawkitem":3,"minecraft:iron_axe":1,"minecraft:iron_leggings":2,"minecraft:iron_shovel":1,"minecraft:bone":4,"minecraft:apple":14,"minecraft:stone_bricks":2,"minecraft:wheat_seeds":1,"minecraft:spruce_planks":87,"minecraft:iron_ingot":3,"minecraft:beef":2,"minecraft:cobblestone_slab":3,"minecraft:mossy_stone_bricks":2,"minecraft:glowstone_dust":2,"minecraft:polished_andesite_slab":2,"minecraft:birch_sapling":2,"minecraft:oak_planks":4,"minecraft:scaffolding":5,"minecraft:stick":7,"minecraft:black_candle":2,"minecraft:sweet_berries":71,"minecraft:stone_brick_slab":3,"minecraft:jungle_planks":3,"minecraft:spruce_sapling":1,"minecraft:spruce_log":91,"minecraft:spruce_door":4,"minecraft:mossy_stone_brick_slab":2,"minecraft:rotten_flesh":4,"minecraft:diamond":2,"minecraft:mangrove_wood":1,"minecraft:hay_block":9,"minecraft:bone_meal":3,"born_in_chaos_v1:rotten_fish":1,"minecraft:skeleton_skull":1,"minecraft:bread":4,"minecraft:lodestone":1,"minecraft:mutton":3,"minecraft:crimson_nylium":1,"undead_revamp2:arapholia":1,"minecraft:coal":18,"minecraft:white_wool":2,"minecraft:cobblestone":1},"minecraft:dropped":{"minecraft:polished_andesite_slab":2,"minecraft:rotten_flesh":3,"minecraft:mossy_stone_brick_slab":2,"minecraft:diamond_sword":2,"minecraft:torch":1,"minecraft:mangrove_wood":1,"minecraft:lodestone":1,"minecraft:mossy_stone_bricks":2,"minecraft:stone_bricks":2,"minecraft:stone_brick_stairs":2,"minecraft:gold_ingot":3,"minecraft:stone_brick_slab":2},"minecraft:used":{"minecraft:iron_shovel":72,"minecraft:spruce_door":8,"minecraft:oak_planks":3,"minecraft:ladder":4,"minecraft:chest":2,"minecraft:spruce_planks":254,"minecraft:iron_sword":74,"minecraft:cobblestone_slab":1,"minecraft:torch":6,"minecraft:dirt":69,"minecraft:crafting_table":3,"minecraft:red_bed":2,"minecraft:spruce_log":16,"minecraft:birch_sapling":2,"minecraft:bread":12,"minecraft:iron_axe":291,"minecraft:packed_mud":1,"minecraft:iron_pickaxe":27,"minecraft:iron_helmet":1,"minecraft:iron_boots":1,"minecraft:diamond_ore":1,"minecraft:spruce_sapling":1,"minecraft:crimson_nylium":1,"minecraft:magma_block":1,"minecraft:scaffolding":5,"minecraft:sweet_berries":46,"minecraft:iron_leggings":1},"minecraft:mined":{"undead_revamp2:arapholia":1,"minecraft:diamond_ore":1,"minecraft:spruce_planks":89,"minecraft:scaffolding":4,"graveyard:green_urn":1,"minecraft:spruce_door":4,"minecraft:crafting_table":1,"minecraft:grass_block":68,"minecraft:jungle_planks":2,"minecraft:stone_slab":1,"minecraft:tall_grass":1,"minecraft:spruce_leaves":41,"minecraft:oak_planks":4,"minecraft:skeleton_skull":1,"minecraft:large_fern":5,"minecraft:hay_block":5,"minecraft:tall_seagrass":1,"minecraft:coarse_dirt":2,"minecraft:magma_block":1,"minecraft:packed_mud":1,"graveyard:tg_moss_block":1,"minecraft:sweet_berry_bush":31,"minecraft:spruce_log":92,"minecraft:wither_rose":1,"minecraft:grass":4,"minecraft:coal_ore":18,"minecraft:dirt":3,"minecraft:cobweb":15,"minecraft:infested_stone":1,"minecraft:stone":1,"minecraft:fern":1},"minecraft:killed_by":{"apollyon:the_damned":2,"minecraft:player":8,"antlers:wendigo":1,"bwrtherain:vapor":1},"minecraft:crafted":{"minecraft:cooked_beef":4,"sophisticatedbackpacks:backpack":1,"minecraft:crafting_table":1,"minecraft:spruce_planks":208,"minecraft:iron_sword":1,"minecraft:spruce_door":6,"minecraft:bread":15,"minecraft:iron_axe":2,"minecraft:stick":12,"minecraft:iron_pickaxe":1,"minecraft:chest":3,"minecraft:torch":8,"minecraft:wheat":45},"minecraft:killed":{"born_in_chaos_v1:decrepit_skeleton":2,"minecraft:sheep":2,"minecraft:skeleton":1,"minecraft:zombie":1,"minecraft:silverfish":1,"born_in_chaos_v1:corpse_fish":4,"minecraft:cow":1},"minecraft:broken":{"minecraft:iron_axe":1,"minecraft:iron_helmet":1},"minecraft:custom":{"lootr:looted_stat":6,"minecraft:mob_kills":12,"minecraft:interact_with_crafting_table":12,"minecraft:open_barrel":3,"minecraft:damage_dealt_resisted":18,"minecraft:leave_game":7,"minecraft:time_since_death":16330,"minecraft:sleep_in_bed":6,"minecraft:climb_one_cm":14997,"minecraft:time_since_rest":16353,"minecraft:sprint_one_cm":195715,"minecraft:damage_taken":10004687,"minecraft:walk_one_cm":582445,"minecraft:drop":16,"minecraft:damage_dealt":4528,"minecraft:player_kills":5,"minecraft:swim_one_cm":3216,"minecraft:fly_one_cm":158058,"minecraft:open_chest":7,"minecraft:crouch_one_cm":3692,"minecraft:play_time":138116,"minecraft:deaths":15,"minecraft:sneak_time":1042,"minecraft:walk_under_water_one_cm":13500,"minecraft:interact_with_lectern":3,"minecraft:jump":1313,"minecraft:walk_on_water_one_cm":36521,"minecraft:total_world_time":138116,"minecraft:interact_with_smoker":3,"minecraft:fall_one_cm":20128}},"DataVersion":3465}