{"stats":{"minecraft:picked_up":{"minecraft:wheat":22,"minecraft:crafting_table":2,"minecraft:coarse_dirt":4,"minecraft:ladder":4,"minecraft:stone_slab":1,"minecraft:diamond_sword":2,"minecraft:potion":2,"minecraft:stone_brick_stairs":2,"minecraft:brewing_stand":1,"minecraft:red_bed":6,"minecraft:string":14,"minecraft:raw_copper":5,"minecraft:iron_axe":3,"minecraft:iron_leggings":2,"born_in_chaos_v1:intoxicating_decoction":2,"minecraft:iron_shovel":1,"minecraft:spruce_planks":93,"minecraft:beef":2,"minecraft:cobblestone_slab":3,"minecraft:iron_nugget":3,"minecraft:poppy":25,"minecraft:lectern":1,"born_in_chaos_v1:stimulating_decoction":1,"minecraft:birch_sapling":2,"minecraft:spruce_trapdoor":2,"minecraft:egg":5,"minecraft:stick":8,"born_in_chaos_v1:phantom_powder":1,"minecraft:diorite":7,"minecraft:rotten_flesh":4,"minecraft:peony":5,"minecraft:hay_block":24,"minecraft:snowball":3,"minecraft:cobblestone":173,"minecraft:skeleton_skull":1,"minecraft:mutton":3,"undead_revamp2:arapholia":1,"minecraft:white_wool":2,"minecraft:magma_block":1,"minecraft:air":0,"minecraft:golden_carrot":10,"minecraft:andesite":7,"minecraft:potato":10,"minecraft:packed_mud":1,"minecraft:stripped_spruce_wood":1,"minecraft:oak_log":60,"minecraft:dirt":112,"antlers:tomahawkitem":3,"born_in_chaos_v1:marigolds":2,"minecraft:red_carpet":1,"minecraft:bone":4,"minecraft:stone_bricks":2,"minecraft:apple":15,"minecraft:wheat_seeds":62,"minecraft:iron_ingot":8,"minecraft:mossy_stone_bricks":2,"minecraft:glowstone_dust":2,"minecraft:polished_andesite_slab":2,"minecraft:oak_planks":15,"cctvcraft:raw_aluminum":33,"minecraft:scaffolding":5,"minecraft:black_candle":2,"minecraft:pumpkin":3,"minecraft:sweet_berries":180,"minecraft:stone_brick_slab":3,"minecraft:dandelion":4,"minecraft:gravel":1,"minecraft:jungle_planks":3,"minecraft:sand":125,"minecraft:stripped_spruce_log":1,"minecraft:spruce_sapling":4,"minecraft:ink_sac":5,"minecraft:spruce_log":94,"minecraft:spruce_door":4,"minecraft:mossy_stone_brick_slab":2,"minecraft:pumpkin_seeds":3,"minecraft:diamond":2,"minecraft:mangrove_wood":1,"minecraft:granite":29,"minecraft:bone_meal":3,"minecraft:bread":4,"minecraft:lodestone":1,"minecraft:oak_sapling":5,"born_in_chaos_v1:rotten_fish":1,"minecraft:coal":20,"minecraft:crimson_nylium":1},"minecraft:dropped":{"minecraft:spruce_sign":2,"minecraft:wheat_seeds":30,"minecraft:dirt":1,"minecraft:torch":1,"minecraft:mangrove_wood":1,"minecraft:lodestone":1,"minecraft:iron_axe":1,"minecraft:string":1,"minecraft:spruce_sapling":3,"minecraft:stone_brick_slab":2,"minecraft:gold_ingot":3,"minecraft:sweet_berries":2,"minecraft:iron_nugget":6,"minecraft:polished_andesite_slab":2,"minecraft:rotten_flesh":3,"minecraft:mossy_stone_brick_slab":2,"minecraft:pumpkin_seeds":17,"minecraft:diamond_sword":2,"minecraft:spruce_trapdoor":2,"minecraft:spruce_planks":19,"minecraft:mossy_stone_bricks":2,"minecraft:stone_bricks":2,"minecraft:stone_brick_stairs":2},"minecraft:used":{"minecraft:iron_shovel":238,"minecraft:ladder":4,"minecraft:spruce_planks":297,"minecraft:chest":2,"minecraft:iron_sword":152,"minecraft:iron_chestplate":1,"minecraft:torch":7,"minecraft:dirt":110,"minecraft:stripped_spruce_log":1,"minecraft:glass":4,"minecraft:iron_axe":444,"minecraft:birch_sapling":2,"minecraft:packed_mud":1,"minecraft:iron_helmet":3,"minecraft:iron_boots":1,"minecraft:magma_block":1,"minecraft:scaffolding":5,"minecraft:sweet_berries":84,"minecraft:oak_sapling":5,"minecraft:furnace":2,"minecraft:egg":1,"minecraft:pumpkin":2,"minecraft:iron_leggings":1,"minecraft:wheat_seeds":9,"minecraft:spruce_door":8,"minecraft:oak_planks":14,"minecraft:cobblestone_slab":1,"minecraft:crafting_table":3,"minecraft:red_bed":5,"minecraft:spruce_log":19,"minecraft:bread":12,"minecraft:iron_pickaxe":250,"minecraft:diamond_ore":1,"minecraft:spruce_sapling":1,"minecraft:crimson_nylium":1,"minecraft:glass_pane":6},"minecraft:mined":{"undead_revamp2:arapholia":1,"minecraft:diamond_ore":1,"minecraft:red_carpet":1,"minecraft:spruce_planks":95,"minecraft:brewing_stand":1,"cctvcraft:aluminum_ore":21,"minecraft:granite":29,"minecraft:grass_block":80,"minecraft:jungle_planks":2,"minecraft:spruce_leaves":52,"minecraft:large_fern":14,"minecraft:hay_block":20,"minecraft:tall_seagrass":2,"minecraft:magma_block":1,"minecraft:packed_mud":1,"graveyard:tg_moss_block":1,"minecraft:barrel":1,"minecraft:andesite":7,"minecraft:stripped_spruce_log":1,"minecraft:pumpkin":4,"minecraft:peony":5,"minecraft:potatoes":6,"minecraft:dirt_path":1,"minecraft:stone":152,"minecraft:pink_terracotta":1,"minecraft:scaffolding":4,"born_in_chaos_v1:marigolds":2,"minecraft:red_bed":3,"graveyard:green_urn":1,"minecraft:dandelion":4,"minecraft:spruce_door":4,"minecraft:crafting_table":1,"minecraft:poppy":25,"minecraft:chest":1,"minecraft:lectern":1,"minecraft:stone_slab":1,"minecraft:glass":4,"minecraft:copper_ore":2,"minecraft:tall_grass":1,"minecraft:oak_planks":14,"minecraft:diorite":7,"minecraft:skeleton_skull":1,"minecraft:seagrass":5,"minecraft:coarse_dirt":2,"minecraft:wheat":16,"minecraft:sweet_berry_bush":65,"minecraft:spruce_log":95,"minecraft:wither_rose":1,"minecraft:grass":4,"minecraft:oak_log":60,"minecraft:coal_ore":20,"minecraft:sand":127,"minecraft:dirt":21,"minecraft:cobweb":18,"minecraft:oak_leaves":22,"minecraft:infested_stone":1,"minecraft:fern":4},"minecraft:killed_by":{"minecraft:player":8,"bwrtherain:vapor":2,"apollyon:the_damned":4,"antlers:wendigo":3},"minecraft:crafted":{"minecraft:oak_planks":132,"minecraft:furnace":2,"minecraft:pink_dye":10,"minecraft:glass_pane":16,"minecraft:glass":31,"minecraft:iron_axe":2,"minecraft:chest":3,"minecraft:wheat":180,"minecraft:cooked_beef":7,"sophisticatedbackpacks:backpack":1,"minecraft:crafting_table":1,"minecraft:spruce_planks":272,"minecraft:iron_sword":1,"minecraft:spruce_door":6,"minecraft:bread":64,"minecraft:stick":12,"minecraft:iron_pickaxe":1,"minecraft:torch":8},"minecraft:killed":{"minecraft:skeleton":1,"minecraft:silverfish":1,"born_in_chaos_v1:corpse_fish":4,"endofherobrine:villager":1,"minecraft:iron_golem":1,"minecraft:squid":3,"born_in_chaos_v1:decrepit_skeleton":2,"minecraft:sheep":2,"born_in_chaos_v1:phantom_creeper_copy":1,"minecraft:zombie":2,"minecraft:cow":1},"minecraft:broken":{"minecraft:iron_axe":1,"minecraft:iron_pickaxe":1,"minecraft:iron_helmet":1},"minecraft:custom":{"lootr:looted_stat":21,"minecraft:mob_kills":19,"minecraft:interact_with_crafting_table":16,"minecraft:open_barrel":27,"minecraft:damage_dealt_resisted":18,"minecraft:leave_game":7,"minecraft:time_since_death":36068,"minecraft:climb_one_cm":17131,"minecraft:sprint_one_cm":308623,"minecraft:walk_one_cm":890951,"minecraft:drop":33,"minecraft:play_time":223752,"minecraft:deaths":22,"minecraft:sneak_time":2019,"minecraft:walk_under_water_one_cm":35658,"minecraft:interact_with_lectern":3,"minecraft:interact_with_brewingstand":2,"minecraft:jump":1966,"minecraft:walk_on_water_one_cm":61389,"minecraft:total_world_time":223752,"minecraft:interact_with_furnace":9,"minecraft:sleep_in_bed":10,"minecraft:time_since_rest":11164,"minecraft:damage_taken":20006723,"minecraft:damage_dealt":7010,"minecraft:swim_one_cm":23589,"minecraft:fly_one_cm":244928,"minecraft:player_kills":5,"minecraft:open_chest":17,"minecraft:crouch_one_cm":5709,"minecraft:interact_with_smoker":6,"minecraft:fall_one_cm":28424}},"DataVersion":3465}