{"stats":{"minecraft:custom":{"minecraft:time_since_rest":13832,"minecraft:open_chest":1,"minecraft:play_time":13832,"lootr:looted_stat":6,"minecraft:sprint_one_cm":12440,"minecraft:damage_taken":114,"minecraft:walk_one_cm":47119,"minecraft:jump":94,"minecraft:damage_dealt":101,"minecraft:time_since_death":13832,"minecraft:walk_on_water_one_cm":713,"minecraft:total_world_time":13832,"minecraft:interact_with_smoker":1,"minecraft:climb_one_cm":3537,"minecraft:fly_one_cm":11062,"minecraft:fall_one_cm":2988,"minecraft:interact_with_crafting_table":3,"minecraft:open_barrel":1},"minecraft:used":{"minecraft:iron_sword":3,"minecraft:spruce_planks":6,"minecraft:iron_helmet":1,"minecraft:iron_boots":1,"minecraft:iron_leggings":1},"minecraft:crafted":{"minecraft:iron_sword":1,"minecraft:iron_axe":1,"minecraft:spruce_planks":28,"minecraft:stick":8,"minecraft:bread":15,"minecraft:wheat":45},"minecraft:picked_up":{"minecraft:wheat":9,"minecraft:hay_block":9,"minecraft:spruce_log":7,"undead_revamp2:arapholia":1},"minecraft:mined":{"undead_revamp2:arapholia":1,"minecraft:hay_block":5,"minecraft:spruce_leaves":1,"minecraft:spruce_log":7}},"DataVersion":3465}