{"stats":{"minecraft:picked_up":{"minecraft:iron_chestplate":1,"minecraft:wheat":33,"minecraft:crafting_table":2,"minecraft:coarse_dirt":4,"minecraft:ladder":4,"minecraft:lead":9,"minecraft:stone_slab":1,"minecraft:diamond_sword":2,"minecraft:potion":2,"minecraft:stone_brick_stairs":2,"minecraft:brewing_stand":1,"minecraft:red_bed":7,"minecraft:string":14,"minecraft:raw_copper":5,"minecraft:iron_axe":3,"minecraft:iron_leggings":3,"born_in_chaos_v1:intoxicating_decoction":2,"minecraft:iron_shovel":1,"minecraft:spruce_planks":93,"minecraft:beef":2,"minecraft:cobblestone_slab":3,"minecraft:iron_nugget":3,"minecraft:poppy":25,"minecraft:lectern":1,"born_in_chaos_v1:stimulating_decoction":1,"minecraft:birch_sapling":2,"minecraft:spruce_trapdoor":2,"minecraft:iron_boots":1,"minecraft:egg":5,"minecraft:stick":8,"born_in_chaos_v1:phantom_powder":1,"minecraft:diorite":7,"minecraft:rotten_flesh":6,"minecraft:peony":5,"minecraft:hay_block":40,"minecraft:snowball":3,"minecraft:cobblestone":173,"minecraft:skeleton_skull":1,"minecraft:mutton":3,"undead_revamp2:arapholia":1,"minecraft:white_wool":2,"minecraft:magma_block":1,"minecraft:air":0,"minecraft:golden_carrot":10,"minecraft:andesite":7,"minecraft:potato":15,"minecraft:packed_mud":1,"minecraft:stripped_spruce_wood":1,"minecraft:oak_log":60,"minecraft:deepslate_tile_slab":1,"minecraft:dirt":112,"antlers:tomahawkitem":3,"born_in_chaos_v1:marigolds":2,"minecraft:mangrove_fence":2,"minecraft:red_carpet":1,"minecraft:bone":6,"minecraft:stone_bricks":2,"minecraft:apple":15,"minecraft:wheat_seeds":64,"minecraft:iron_ingot":8,"minecraft:mossy_stone_bricks":2,"minecraft:glowstone_dust":2,"minecraft:polished_andesite_slab":2,"minecraft:oak_planks":15,"cctvcraft:raw_aluminum":33,"minecraft:scaffolding":6,"minecraft:black_candle":2,"minecraft:pumpkin":3,"minecraft:sweet_berries":196,"minecraft:stone_brick_slab":3,"minecraft:dandelion":8,"minecraft:gravel":1,"minecraft:jungle_planks":3,"minecraft:sand":125,"minecraft:stripped_spruce_log":1,"minecraft:spruce_sapling":4,"minecraft:ink_sac":5,"minecraft:spruce_log":94,"minecraft:spruce_door":4,"minecraft:mossy_stone_brick_slab":2,"minecraft:pumpkin_seeds":3,"minecraft:diamond":2,"minecraft:mangrove_wood":1,"born_in_chaos_v1:scorched_planks_fence":6,"minecraft:granite":29,"minecraft:bone_meal":3,"minecraft:bread":4,"minecraft:lodestone":1,"minecraft:oak_sapling":5,"born_in_chaos_v1:rotten_fish":1,"minecraft:coal":20,"minecraft:crimson_nylium":1},"minecraft:dropped":{"minecraft:spruce_sign":2,"minecraft:iron_sword":1,"born_in_chaos_v1:scorched_planks_fence":4,"minecraft:wheat_seeds":32,"minecraft:dirt":1,"minecraft:torch":1,"minecraft:mangrove_wood":1,"minecraft:lodestone":1,"minecraft:iron_leggings":1,"minecraft:iron_axe":1,"minecraft:string":1,"minecraft:dandelion":4,"minecraft:spruce_sapling":3,"minecraft:stone_brick_slab":2,"minecraft:gold_ingot":3,"minecraft:sweet_berries":2,"minecraft:iron_nugget":6,"minecraft:polished_andesite_slab":2,"minecraft:rotten_flesh":5,"minecraft:iron_boots":1,"minecraft:mossy_stone_brick_slab":2,"minecraft:mangrove_fence":2,"minecraft:pumpkin_seeds":17,"minecraft:diamond_sword":2,"minecraft:spruce_trapdoor":2,"minecraft:spruce_planks":19,"minecraft:iron_chestplate":1,"minecraft:mossy_stone_bricks":2,"minecraft:stone_bricks":2,"minecraft:stone_brick_stairs":2},"minecraft:used":{"minecraft:iron_shovel":238,"minecraft:ladder":4,"minecraft:spruce_planks":297,"minecraft:chest":2,"minecraft:iron_sword":154,"minecraft:iron_chestplate":2,"minecraft:torch":7,"minecraft:dirt":110,"minecraft:deepslate_tile_slab":1,"minecraft:stripped_spruce_log":1,"minecraft:glass":4,"minecraft:iron_axe":472,"minecraft:birch_sapling":2,"minecraft:packed_mud":1,"minecraft:iron_helmet":3,"minecraft:iron_boots":4,"minecraft:magma_block":1,"minecraft:scaffolding":6,"minecraft:sweet_berries":100,"minecraft:oak_sapling":5,"minecraft:furnace":2,"minecraft:egg":1,"minecraft:pumpkin":2,"minecraft:iron_leggings":2,"minecraft:wheat_seeds":9,"minecraft:spruce_door":8,"minecraft:oak_planks":14,"minecraft:cobblestone_slab":1,"minecraft:crafting_table":3,"minecraft:red_bed":6,"minecraft:spruce_log":19,"minecraft:bread":12,"minecraft:iron_pickaxe":259,"minecraft:diamond_ore":1,"minecraft:spruce_sapling":1,"minecraft:crimson_nylium":1,"minecraft:glass_pane":6,"minecraft:dandelion":4},"minecraft:mined":{"undead_revamp2:arapholia":1,"minecraft:diamond_ore":1,"minecraft:red_carpet":1,"minecraft:spruce_planks":95,"minecraft:brewing_stand":1,"cctvcraft:aluminum_ore":21,"minecraft:granite":29,"minecraft:grass_block":80,"minecraft:jungle_planks":2,"minecraft:mangrove_fence":2,"minecraft:spruce_leaves":63,"minecraft:large_fern":14,"minecraft:hay_block":36,"minecraft:tall_seagrass":2,"minecraft:magma_block":1,"minecraft:packed_mud":1,"graveyard:tg_moss_block":1,"minecraft:barrel":1,"minecraft:andesite":7,"minecraft:stripped_spruce_log":1,"minecraft:pumpkin":4,"minecraft:peony":5,"minecraft:potatoes":8,"minecraft:dirt_path":1,"minecraft:iron_bars":8,"minecraft:stone":152,"minecraft:pink_terracotta":1,"minecraft:scaffolding":5,"minecraft:mangrove_stairs":3,"born_in_chaos_v1:marigolds":2,"minecraft:red_bed":3,"graveyard:green_urn":1,"born_in_chaos_v1:scorched_planks_fence":2,"minecraft:deepslate_tile_slab":1,"minecraft:dandelion":4,"minecraft:spruce_door":4,"minecraft:crafting_table":1,"minecraft:poppy":25,"minecraft:chest":1,"minecraft:lectern":1,"minecraft:stone_slab":1,"minecraft:glass":4,"minecraft:copper_ore":2,"minecraft:tall_grass":3,"minecraft:oak_planks":14,"minecraft:diorite":7,"minecraft:skeleton_skull":1,"minecraft:seagrass":5,"minecraft:coarse_dirt":2,"minecraft:wheat":27,"minecraft:sweet_berry_bush":74,"minecraft:spruce_log":95,"minecraft:mangrove_planks":1,"minecraft:wither_rose":1,"minecraft:grass":6,"minecraft:oak_log":60,"minecraft:coal_ore":20,"minecraft:sand":127,"minecraft:dirt":21,"minecraft:cobweb":18,"minecraft:oak_leaves":22,"minecraft:infested_stone":1,"minecraft:fern":5},"minecraft:killed_by":{"minecraft:player":8,"bwrtherain:vapor":2,"apollyon:the_damned":4,"antlers:wendigo":3},"minecraft:crafted":{"minecraft:oak_planks":132,"minecraft:furnace":2,"minecraft:pink_dye":10,"minecraft:glass_pane":16,"minecraft:glass":31,"minecraft:iron_axe":2,"minecraft:chest":3,"minecraft:wheat":324,"minecraft:cooked_beef":7,"sophisticatedbackpacks:backpack":1,"minecraft:crafting_table":1,"minecraft:spruce_planks":272,"minecraft:iron_sword":1,"minecraft:spruce_door":6,"minecraft:bread":95,"minecraft:stick":12,"minecraft:iron_pickaxe":1,"minecraft:torch":8},"minecraft:killed":{"minecraft:skeleton":1,"minecraft:silverfish":1,"born_in_chaos_v1:corpse_fish":4,"endofherobrine:villager":1,"minecraft:iron_golem":1,"minecraft:squid":3,"born_in_chaos_v1:decrepit_skeleton":3,"minecraft:sheep":2,"born_in_chaos_v1:phantom_creeper_copy":1,"minecraft:zombie":2,"minecraft:cow":1},"minecraft:broken":{"minecraft:iron_axe":1,"minecraft:iron_pickaxe":1,"minecraft:iron_helmet":1},"minecraft:custom":{"lootr:looted_stat":24,"minecraft:mob_kills":20,"minecraft:interact_with_crafting_table":18,"minecraft:open_barrel":43,"minecraft:damage_dealt_resisted":18,"minecraft:leave_game":7,"minecraft:time_since_death":60068,"minecraft:climb_one_cm":17866,"minecraft:sprint_one_cm":322889,"minecraft:walk_one_cm":1025936,"minecraft:drop":43,"minecraft:play_time":247752,"minecraft:deaths":22,"minecraft:sneak_time":2019,"minecraft:walk_under_water_one_cm":35658,"minecraft:interact_with_lectern":3,"minecraft:interact_with_brewingstand":2,"minecraft:jump":2039,"minecraft:walk_on_water_one_cm":61389,"minecraft:total_world_time":247752,"minecraft:interact_with_furnace":9,"minecraft:sleep_in_bed":12,"minecraft:time_since_rest":8713,"minecraft:damage_taken":20006804,"minecraft:damage_dealt":7114,"minecraft:swim_one_cm":23589,"minecraft:fly_one_cm":248300,"minecraft:player_kills":5,"minecraft:open_chest":21,"minecraft:crouch_one_cm":5709,"minecraft:interact_with_smoker":7,"minecraft:fall_one_cm":30637}},"DataVersion":3465}