{"stats":{"minecraft:custom":{"minecraft:time_since_rest":9878,"lootr:looted_stat":6,"minecraft:sprint_one_cm":39338,"minecraft:damage_taken":671,"minecraft:walk_one_cm":108886,"minecraft:drop":3,"minecraft:damage_dealt":723,"minecraft:interact_with_crafting_table":3,"minecraft:fly_one_cm":42173,"minecraft:player_kills":1,"minecraft:open_barrel":2,"minecraft:open_chest":2,"minecraft:play_time":25832,"minecraft:deaths":1,"minecraft:sneak_time":10,"minecraft:jump":292,"minecraft:walk_on_water_one_cm":2172,"minecraft:time_since_death":9853,"minecraft:climb_one_cm":8935,"minecraft:interact_with_smoker":1,"minecraft:total_world_time":25832,"minecraft:fall_one_cm":6814},"minecraft:killed_by":{"minecraft:player":1},"minecraft:dropped":{"minecraft:diamond_sword":2,"minecraft:rotten_flesh":3},"minecraft:used":{"minecraft:iron_axe":37,"minecraft:bread":4,"minecraft:packed_mud":1,"minecraft:iron_helmet":1,"minecraft:spruce_planks":21,"minecraft:iron_sword":9,"minecraft:iron_boots":1,"minecraft:scaffolding":3,"minecraft:iron_leggings":1},"minecraft:crafted":{"minecraft:iron_axe":1,"minecraft:spruce_planks":28,"minecraft:stick":8,"minecraft:iron_sword":1,"minecraft:bread":15,"minecraft:wheat":45},"minecraft:picked_up":{"minecraft:scaffolding":5,"minecraft:wheat":9,"minecraft:diamond_sword":2,"minecraft:packed_mud":1,"minecraft:spruce_sapling":1,"minecraft:spruce_log":7,"minecraft:rotten_flesh":3,"minecraft:apple":14,"minecraft:wheat_seeds":1,"minecraft:spruce_planks":25,"minecraft:hay_block":9,"minecraft:glowstone_dust":2,"undead_revamp2:arapholia":1},"minecraft:mined":{"undead_revamp2:arapholia":1,"minecraft:hay_block":5,"minecraft:spruce_planks":22,"minecraft:scaffolding":4,"minecraft:packed_mud":1,"minecraft:spruce_log":7,"minecraft:spruce_leaves":1}},"DataVersion":3465}