{"stats":{"minecraft:picked_up":{"minecraft:wheat":9,"minecraft:crafting_table":2,"minecraft:coarse_dirt":4,"minecraft:ladder":4,"minecraft:stone_slab":1,"minecraft:diamond_sword":2,"minecraft:stone_brick_stairs":2,"minecraft:red_bed":3,"minecraft:string":11,"minecraft:raw_copper":5,"minecraft:iron_axe":1,"minecraft:iron_leggings":2,"minecraft:iron_shovel":1,"minecraft:spruce_planks":90,"minecraft:beef":2,"minecraft:cobblestone_slab":3,"minecraft:birch_sapling":2,"minecraft:stick":8,"minecraft:diorite":7,"minecraft:rotten_flesh":4,"minecraft:hay_block":9,"minecraft:cobblestone":173,"minecraft:skeleton_skull":1,"minecraft:mutton":3,"undead_revamp2:arapholia":1,"minecraft:white_wool":2,"minecraft:magma_block":1,"minecraft:air":0,"minecraft:golden_carrot":10,"minecraft:andesite":7,"minecraft:packed_mud":1,"minecraft:stripped_spruce_wood":1,"minecraft:oak_log":60,"minecraft:dirt":96,"antlers:tomahawkitem":3,"minecraft:bone":4,"minecraft:stone_bricks":2,"minecraft:apple":15,"minecraft:wheat_seeds":1,"minecraft:iron_ingot":3,"minecraft:mossy_stone_bricks":2,"minecraft:glowstone_dust":2,"minecraft:polished_andesite_slab":2,"minecraft:oak_planks":8,"cctvcraft:raw_aluminum":33,"minecraft:scaffolding":5,"minecraft:black_candle":2,"minecraft:sweet_berries":71,"minecraft:stone_brick_slab":3,"minecraft:jungle_planks":3,"minecraft:sand":125,"minecraft:spruce_sapling":1,"minecraft:spruce_log":91,"minecraft:spruce_door":4,"minecraft:mossy_stone_brick_slab":2,"minecraft:diamond":2,"minecraft:mangrove_wood":1,"minecraft:granite":29,"minecraft:bone_meal":3,"minecraft:bread":4,"minecraft:lodestone":1,"minecraft:oak_sapling":5,"born_in_chaos_v1:rotten_fish":1,"minecraft:coal":20,"minecraft:crimson_nylium":1},"minecraft:dropped":{"minecraft:torch":1,"minecraft:mangrove_wood":1,"minecraft:lodestone":1,"minecraft:stone_brick_slab":2,"minecraft:gold_ingot":3,"minecraft:polished_andesite_slab":2,"minecraft:rotten_flesh":3,"minecraft:mossy_stone_brick_slab":2,"minecraft:diamond_sword":2,"minecraft:mossy_stone_bricks":2,"minecraft:stone_bricks":2,"minecraft:stone_brick_stairs":2},"minecraft:used":{"minecraft:iron_shovel":228,"minecraft:ladder":4,"minecraft:spruce_planks":283,"minecraft:chest":2,"minecraft:iron_sword":93,"minecraft:torch":7,"minecraft:dirt":73,"minecraft:iron_axe":379,"minecraft:birch_sapling":2,"minecraft:packed_mud":1,"minecraft:iron_helmet":2,"minecraft:iron_boots":1,"minecraft:magma_block":1,"minecraft:scaffolding":5,"minecraft:sweet_berries":48,"minecraft:furnace":2,"minecraft:iron_leggings":1,"minecraft:spruce_door":8,"minecraft:oak_planks":9,"minecraft:cobblestone_slab":1,"minecraft:crafting_table":3,"minecraft:red_bed":2,"minecraft:spruce_log":16,"minecraft:bread":12,"minecraft:iron_pickaxe":246,"minecraft:diamond_ore":1,"minecraft:spruce_sapling":1,"minecraft:crimson_nylium":1},"minecraft:mined":{"undead_revamp2:arapholia":1,"minecraft:diamond_ore":1,"minecraft:spruce_planks":92,"cctvcraft:aluminum_ore":21,"minecraft:granite":29,"minecraft:grass_block":78,"minecraft:jungle_planks":2,"minecraft:spruce_leaves":41,"minecraft:large_fern":5,"minecraft:hay_block":5,"minecraft:tall_seagrass":1,"minecraft:magma_block":1,"minecraft:packed_mud":1,"graveyard:tg_moss_block":1,"minecraft:andesite":7,"minecraft:stone":152,"minecraft:scaffolding":4,"graveyard:green_urn":1,"minecraft:spruce_door":4,"minecraft:crafting_table":1,"minecraft:stone_slab":1,"minecraft:copper_ore":2,"minecraft:tall_grass":1,"minecraft:oak_planks":7,"minecraft:diorite":7,"minecraft:skeleton_skull":1,"minecraft:seagrass":2,"minecraft:coarse_dirt":2,"minecraft:sweet_berry_bush":31,"minecraft:spruce_log":92,"minecraft:wither_rose":1,"minecraft:grass":4,"minecraft:oak_log":60,"minecraft:coal_ore":20,"minecraft:sand":127,"minecraft:dirt":20,"minecraft:cobweb":15,"minecraft:oak_leaves":22,"minecraft:infested_stone":1,"minecraft:fern":1},"minecraft:killed_by":{"minecraft:player":8,"bwrtherain:vapor":1,"apollyon:the_damned":3,"antlers:wendigo":1},"minecraft:crafted":{"minecraft:oak_planks":4,"minecraft:furnace":2,"minecraft:iron_axe":2,"minecraft:chest":3,"minecraft:wheat":45,"minecraft:cooked_beef":4,"sophisticatedbackpacks:backpack":1,"minecraft:crafting_table":1,"minecraft:spruce_planks":240,"minecraft:iron_sword":1,"minecraft:spruce_door":6,"minecraft:bread":15,"minecraft:stick":12,"minecraft:iron_pickaxe":1,"minecraft:torch":8},"minecraft:killed":{"minecraft:skeleton":1,"minecraft:silverfish":1,"born_in_chaos_v1:corpse_fish":4,"born_in_chaos_v1:decrepit_skeleton":2,"minecraft:sheep":2,"minecraft:zombie":1,"minecraft:cow":1},"minecraft:broken":{"minecraft:iron_axe":1,"minecraft:iron_pickaxe":1,"minecraft:iron_helmet":1},"minecraft:custom":{"lootr:looted_stat":6,"minecraft:mob_kills":12,"minecraft:interact_with_crafting_table":13,"minecraft:open_barrel":3,"minecraft:damage_dealt_resisted":18,"minecraft:leave_game":7,"minecraft:time_since_death":22170,"minecraft:climb_one_cm":14997,"minecraft:sprint_one_cm":210162,"minecraft:walk_one_cm":641517,"minecraft:drop":16,"minecraft:play_time":163752,"minecraft:deaths":16,"minecraft:sneak_time":1539,"minecraft:walk_under_water_one_cm":23787,"minecraft:interact_with_lectern":3,"minecraft:jump":1438,"minecraft:walk_on_water_one_cm":44749,"minecraft:total_world_time":163752,"minecraft:interact_with_furnace":3,"minecraft:sleep_in_bed":6,"minecraft:time_since_rest":22202,"minecraft:damage_taken":10004999,"minecraft:damage_dealt":5046,"minecraft:swim_one_cm":10710,"minecraft:fly_one_cm":167172,"minecraft:player_kills":5,"minecraft:open_chest":11,"minecraft:crouch_one_cm":5130,"minecraft:interact_with_smoker":3,"minecraft:fall_one_cm":20606}},"DataVersion":3465}