{"stats":{"minecraft:mined":{"undead_revamp2:arapholia":1,"minecraft:attached_pumpkin_stem":1,"minecraft:diamond_ore":1,"minecraft:tuff":12,"minecraft:red_carpet":1,"minecraft:spruce_planks":112,"minecraft:brewing_stand":1,"cctvcraft:aluminum_ore":21,"minecraft:granite":43,"minecraft:grass_block":96,"minecraft:spruce_fence":2,"minecraft:jungle_planks":2,"born_in_chaos_v1:black_argillite":2,"minecraft:mangrove_fence":2,"minecraft:spruce_leaves":72,"minecraft:spawner":1,"minecraft:large_fern":14,"minecraft:hay_block":36,"minecraft:tall_seagrass":2,"minecraft:magma_block":1,"minecraft:packed_mud":1,"graveyard:tg_moss_block":1,"minecraft:iron_ore":7,"minecraft:barrel":1,"minecraft:andesite":7,"minecraft:stripped_spruce_log":1,"minecraft:pumpkin":4,"minecraft:peony":5,"minecraft:potatoes":8,"minecraft:dirt_path":1,"minecraft:oak_sign":1,"minecraft:iron_bars":10,"minecraft:stone":244,"minecraft:pink_terracotta":1,"minecraft:scaffolding":5,"minecraft:mangrove_stairs":3,"minecraft:glass_pane":1,"born_in_chaos_v1:marigolds":2,"minecraft:red_bed":5,"graveyard:green_urn":1,"born_in_chaos_v1:scorched_planks_fence":2,"minecraft:deepslate_tile_slab":1,"minecraft:dandelion":4,"minecraft:spruce_door":4,"minecraft:crafting_table":1,"minecraft:poppy":25,"minecraft:chest":2,"minecraft:lectern":1,"minecraft:stone_slab":1,"minecraft:copper_ore":2,"minecraft:glass":7,"minecraft:tall_grass":3,"minecraft:cobblestone":10,"minecraft:oak_planks":14,"minecraft:wall_torch":2,"minecraft:diorite":28,"minecraft:skeleton_skull":1,"minecraft:seagrass":5,"minecraft:chain":1,"minecraft:coarse_dirt":2,"minecraft:sweet_berry_bush":79,"minecraft:wheat":28,"minecraft:spruce_log":95,"minecraft:birch_leaves":2,"minecraft:mangrove_planks":1,"minecraft:wither_rose":1,"minecraft:grass":6,"minecraft:oak_log":60,"minecraft:coal_ore":20,"minecraft:sand":127,"minecraft:dirt":21,"minecraft:cobweb":21,"minecraft:gold_ore":5,"minecraft:deepslate":119,"minecraft:oak_leaves":22,"minecraft:infested_stone":1,"minecraft:fern":6},"minecraft:killed_by":{"minecraft:player":8,"bwrtherain:vapor":2,"apollyon:the_damned":4,"antlers:wendigo":3,"graveyard:revenant":1},"minecraft:used":{"minecraft:iron_shovel":253,"minecraft:ladder":4,"minecraft:oak_sign":1,"minecraft:chest":5,"minecraft:spruce_planks":312,"minecraft:iron_sword":172,"minecraft:iron_chestplate":2,"minecraft:torch":15,"minecraft:dirt":110,"born_in_chaos_v1:scorched_planks_fence":2,"minecraft:deepslate_tile_slab":1,"minecraft:spruce_fence":3,"minecraft:stripped_spruce_log":1,"minecraft:glass":7,"minecraft:iron_axe":495,"minecraft:birch_sapling":2,"minecraft:packed_mud":1,"minecraft:iron_helmet":3,"minecraft:iron_boots":4,"minecraft:magma_block":1,"minecraft:sweet_berries":136,"minecraft:scaffolding":6,"minecraft:oak_sapling":5,"minecraft:furnace":2,"minecraft:cobbled_deepslate":2,"minecraft:egg":1,"minecraft:pumpkin":2,"minecraft:iron_leggings":2,"minecraft:wheat_seeds":9,"minecraft:spruce_door":8,"minecraft:oak_planks":14,"minecraft:cobblestone_slab":1,"minecraft:crafting_table":4,"minecraft:red_bed":8,"minecraft:spruce_log":19,"minecraft:string":1,"minecraft:iron_pickaxe":545,"minecraft:bread":12,"minecraft:diamond_ore":1,"minecraft:spruce_sapling":1,"minecraft:crimson_nylium":1,"minecraft:cobblestone":19,"minecraft:glass_pane":30,"minecraft:dandelion":4},"minecraft:custom":{"lootr:looted_stat":37,"minecraft:mob_kills":22,"minecraft:interact_with_crafting_table":22,"minecraft:open_barrel":50,"minecraft:damage_dealt_resisted":18,"minecraft:leave_game":8,"minecraft:time_since_death":40998,"minecraft:climb_one_cm":19171,"minecraft:sprint_one_cm":400883,"minecraft:walk_one_cm":1356739,"minecraft:drop":61,"minecraft:talked_to_villager":1,"minecraft:play_time":313828,"minecraft:sneak_time":2061,"minecraft:deaths":23,"minecraft:walk_under_water_one_cm":36563,"minecraft:interact_with_lectern":3,"minecraft:interact_with_brewingstand":2,"minecraft:jump":2614,"minecraft:walk_on_water_one_cm":68928,"minecraft:total_world_time":313828,"minecraft:interact_with_furnace":9,"minecraft:sleep_in_bed":17,"minecraft:time_since_rest":5465,"minecraft:damage_taken":20007074,"minecraft:damage_dealt":7298,"minecraft:player_kills":5,"minecraft:swim_one_cm":23589,"minecraft:fly_one_cm":301861,"minecraft:open_chest":49,"minecraft:crouch_one_cm":5896,"minecraft:interact_with_smoker":8,"minecraft:fall_one_cm":33861},"minecraft:dropped":{"minecraft:spruce_sign":2,"minecraft:iron_sword":1,"born_in_chaos_v1:scorched_planks_fence":8,"minecraft:wheat_seeds":32,"minecraft:saddle":9,"minecraft:dirt":1,"minecraft:torch":1,"minecraft:mangrove_wood":1,"minecraft:lodestone":1,"minecraft:iron_leggings":1,"minecraft:iron_axe":1,"minecraft:string":3,"minecraft:gold_ingot":3,"minecraft:dandelion":4,"minecraft:spruce_sapling":3,"minecraft:stone_brick_slab":2,"minecraft:sweet_berries":6,"minecraft:iron_nugget":6,"minecraft:polished_andesite_slab":2,"minecraft:rotten_flesh":5,"minecraft:iron_boots":1,"minecraft:mossy_stone_brick_slab":2,"minecraft:pumpkin_seeds":17,"minecraft:mangrove_fence":2,"minecraft:diamond_sword":2,"minecraft:spruce_trapdoor":2,"minecraft:spruce_planks":19,"minecraft:iron_chestplate":1,"minecraft:mossy_stone_bricks":2,"minecraft:stone_bricks":2,"minecraft:iron_bars":1,"minecraft:stone_brick_stairs":2},"minecraft:broken":{"minecraft:iron_shovel":1,"minecraft:iron_axe":1,"minecraft:iron_pickaxe":2,"minecraft:iron_helmet":1},"minecraft:picked_up":{"minecraft:iron_chestplate":1,"minecraft:coarse_dirt":4,"minecraft:crafting_table":2,"minecraft:wheat":34,"minecraft:ladder":4,"minecraft:stone_slab":1,"minecraft:lead":19,"minecraft:diamond_sword":2,"minecraft:potion":2,"minecraft:stone_brick_stairs":2,"minecraft:brewing_stand":1,"born_in_chaos_v1:black_argillite":2,"minecraft:string":17,"minecraft:red_bed":9,"minecraft:raw_copper":5,"minecraft:iron_axe":3,"minecraft:iron_leggings":3,"born_in_chaos_v1:intoxicating_decoction":2,"minecraft:iron_shovel":1,"minecraft:oak_sign":1,"minecraft:cobbled_deepslate":119,"minecraft:spruce_planks":110,"minecraft:beef":2,"minecraft:cobblestone_slab":3,"minecraft:iron_nugget":3,"minecraft:poppy":25,"minecraft:lectern":1,"born_in_chaos_v1:stimulating_decoction":1,"minecraft:chest":1,"minecraft:birch_sapling":2,"minecraft:spruce_trapdoor":2,"minecraft:iron_boots":1,"minecraft:egg":5,"minecraft:stick":8,"minecraft:raw_iron":7,"born_in_chaos_v1:phantom_powder":1,"minecraft:torch":2,"minecraft:spruce_fence":2,"minecraft:diorite":28,"minecraft:rotten_flesh":9,"minecraft:peony":5,"minecraft:hay_block":40,"minecraft:saddle":9,"minecraft:skeleton_skull":1,"minecraft:mutton":3,"minecraft:iron_bars":1,"undead_revamp2:arapholia":1,"minecraft:snowball":3,"minecraft:white_wool":2,"minecraft:cobblestone":275,"minecraft:magma_block":1,"minecraft:air":0,"minecraft:golden_carrot":10,"minecraft:andesite":7,"minecraft:potato":15,"minecraft:packed_mud":1,"minecraft:tuff":12,"minecraft:stripped_spruce_wood":1,"minecraft:oak_log":60,"minecraft:deepslate_tile_slab":1,"minecraft:dirt":127,"antlers:tomahawkitem":3,"born_in_chaos_v1:marigolds":2,"minecraft:mangrove_fence":2,"minecraft:red_carpet":1,"minecraft:bone":6,"minecraft:stone_bricks":2,"minecraft:apple":15,"minecraft:wheat_seeds":64,"minecraft:raw_gold":5,"minecraft:iron_ingot":8,"minecraft:mossy_stone_bricks":2,"minecraft:glowstone_dust":2,"minecraft:polished_andesite_slab":2,"minecraft:oak_planks":15,"cctvcraft:raw_aluminum":33,"minecraft:scaffolding":6,"minecraft:black_candle":2,"minecraft:pumpkin":3,"minecraft:sweet_berries":211,"minecraft:stone_brick_slab":3,"minecraft:dandelion":8,"minecraft:gravel":1,"minecraft:sand":125,"minecraft:jungle_planks":3,"minecraft:stripped_spruce_log":1,"minecraft:spruce_sapling":4,"minecraft:ink_sac":5,"minecraft:spruce_log":94,"minecraft:spruce_door":4,"minecraft:mossy_stone_brick_slab":2,"minecraft:pumpkin_seeds":3,"minecraft:diamond":2,"minecraft:mangrove_wood":1,"born_in_chaos_v1:scorched_planks_fence":10,"minecraft:granite":43,"minecraft:bone_meal":3,"minecraft:bread":4,"minecraft:lodestone":1,"minecraft:oak_sapling":5,"born_in_chaos_v1:rotten_fish":1,"minecraft:crimson_nylium":1,"minecraft:coal":20},"minecraft:crafted":{"minecraft:oak_planks":240,"minecraft:furnace":2,"minecraft:spruce_fence":3,"minecraft:pink_dye":10,"minecraft:glass_pane":64,"minecraft:glass":31,"minecraft:iron_axe":2,"minecraft:chest":5,"minecraft:oak_fence":45,"minecraft:wheat":324,"minecraft:cooked_beef":7,"sophisticatedbackpacks:backpack":1,"minecraft:crafting_table":2,"minecraft:spruce_planks":280,"minecraft:iron_sword":1,"minecraft:spruce_door":6,"minecraft:bread":95,"minecraft:stick":48,"minecraft:iron_pickaxe":1,"minecraft:torch":24},"minecraft:killed":{"born_in_chaos_v1:siamese_skeletonsright":1,"minecraft:skeleton":1,"minecraft:silverfish":1,"born_in_chaos_v1:corpse_fish":4,"endofherobrine:villager":1,"minecraft:iron_golem":1,"minecraft:squid":3,"born_in_chaos_v1:decrepit_skeleton":3,"minecraft:sheep":2,"born_in_chaos_v1:phantom_creeper_copy":1,"minecraft:zombie":2,"minecraft:cow":1}},"DataVersion":3465}