{"stats":{"minecraft:killed_by":{"minecraft:player":2,"quark:forgotten":1,"minecraft:skeleton":1,"born_in_chaos_v1:door_knight":1,"born_in_chaos_v1:maggot":1},"minecraft:picked_up":{"minecraft:clay_ball":3,"minecraft:lead":3,"minecraft:oak_stairs":1,"minecraft:potion":1,"quark:azalea_log":2,"minecraft:shield":1,"minecraft:brick":27,"minecraft:raw_copper":76,"born_in_chaos_v1:intoxicating_decoction":2,"alexsmobs:komodo_spit":2,"create:redstone_link":12,"minecraft:cyan_carpet":1,"minecraft:beetroot":3,"minecraft:music_disc_otherside":1,"minecraft:beef":3,"minecraft:rose_bush":11,"minecraft:enchanted_golden_apple":64,"minecraft:poppy":5,"minecraft:iron_pickaxe":1,"minecraft:spruce_slab":30,"minecraft:chest":5,"minecraft:spruce_trapdoor":21,"minecraft:stick":2,"minecraft:oak_fence":2,"quark:jungle_chest":2,"supplementaries:trapped_present":2,"minecraft:porkchop":2,"minecraft:orange_bed":1,"minecraft:arrow":16,"minecraft:rotten_flesh":33,"minecraft:beetroot_seeds":20,"create:experience_nugget":14,"supplementaries:antique_ink":2,"minecraft:gold_ingot":1,"supplementaries:ash":2,"minecraft:mutton":7,"minecraft:white_wool":11,"minecraft:cobblestone":57,"born_in_chaos_v1:corpse_maggot":2,"minecraft:feather":1,"minecraft:golden_carrot":1,"supplementaries:candy":1,"minecraft:leather":2,"minecraft:birch_planks":1,"minecraft:potato":3,"minecraft:filled_map":3,"supplementaries:item_shelf":4,"minecraft:tuff":2,"minecraft:stripped_spruce_wood":14,"minecraft:oak_log":66,"minecraft:warped_trapdoor":4,"quark:limestone":1,"minecraft:stripped_birch_log":12,"minecraft:dirt":45,"minecraft:name_tag":1,"create:copper_ladder":4,"minecraft:bone":16,"minecraft:wheat_seeds":19,"minecraft:raw_gold":6,"minecraft:iron_ingot":2,"minecraft:stone_pickaxe":1,"create:shaft":1,"create:brown_toolbox":2,"minecraft:moss_block":1,"minecraft:oak_planks":14,"create:polished_cut_andesite":3,"minecraft:stone_hoe":1,"biomesoplenty:toadstool":3,"quark:limestone_bricks":1,"minecraft:cooked_porkchop":1,"supplementaries:sack":1,"quark:glass_item_frame":3,"minecraft:poisonous_potato":2,"minecraft:spyglass":1,"quark:glow_lichen_growth":2,"minecraft:white_bed":4,"minecraft:barrel":1,"quark:oak_chest":1,"create:gearbox":1,"alexsmobs:animal_dictionary":1,"minecraft:mossy_cobblestone":3,"biomesoplenty:flowering_oak_sapling":1,"minecraft:diamond":1,"quark:polished_limestone":1,"minecraft:bread":5,"minecraft:baked_potato":8,"minecraft:oak_sapling":4,"minecraft:light_gray_carpet":6,"quark:rope":1,"minecraft:coal":48},"minecraft:broken":{"minecraft:stone_hoe":1,"minecraft:stone_axe":1},"minecraft:mined":{"minecraft:spruce_planks":4,"minecraft:white_bed":4,"minecraft:oak_sapling":1,"minecraft:farmland":1,"minecraft:spruce_trapdoor":10,"biomesoplenty:bush":7,"minecraft:grass_block":4,"biomesoplenty:flowering_oak_leaves":5,"quark:jungle_chest":2,"supplementaries:trapped_present":1,"biomesoplenty:toadstool":3,"minecraft:barrel":1,"minecraft:stone":57,"minecraft:spruce_slab":14,"minecraft:orange_bed":1,"minecraft:light_gray_carpet":3,"quark:oak_chest":1,"minecraft:oak_fence":2,"supplementaries:item_shelf":1,"minecraft:poppy":3,"minecraft:chest":6,"minecraft:rose_bush":5,"supplementaries:sack":1,"minecraft:copper_ore":11,"minecraft:cobblestone":2,"biomesoplenty:sprout":9,"minecraft:oak_planks":2,"create:redstone_link":4,"farmersdelight:wild_beetroots":20,"minecraft:birch_planks":2,"farmersdelight:sandy_shrub":2,"minecraft:stripped_spruce_wood":10,"biomesoplenty:clover":3,"minecraft:grass":49,"minecraft:coal_ore":49,"minecraft:oak_log":68,"minecraft:cyan_carpet":1,"minecraft:dirt":5,"minecraft:oak_leaves":34},"minecraft:dropped":{"minecraft:bread":1,"minecraft:birch_planks":1,"minecraft:moss_block":1,"minecraft:wheat_seeds":12,"minecraft:mossy_cobblestone":1,"minecraft:poisonous_potato":2,"minecraft:feather":1,"minecraft:cobblestone":14,"minecraft:lead":1,"minecraft:leather":2,"quark:limestone":1,"quark:glass_item_frame":1,"minecraft:warped_trapdoor":2,"quark:polished_limestone":1,"minecraft:dirt":18,"quark:glow_lichen_growth":2,"minecraft:rose_bush":6,"create:polished_cut_andesite":1,"minecraft:potion":1,"supplementaries:trapped_present":1,"born_in_chaos_v1:mint_ice_cream":1,"minecraft:cyan_carpet":1,"minecraft:rotten_flesh":21,"minecraft:enchanted_golden_apple":60,"alexsmobs:komodo_spit":1,"minecraft:light_gray_carpet":6,"supplementaries:antique_ink":1,"minecraft:filled_map":1,"minecraft:poppy":2,"create:redstone_link":4,"minecraft:spruce_trapdoor":13,"minecraft:oak_sapling":3,"minecraft:spruce_slab":4,"minecraft:stone_pickaxe":1},"minecraft:crafted":{"minecraft:oak_planks":264,"minecraft:furnace":3,"minecraft:cooked_mutton":6,"minecraft:stone_pickaxe":1,"quark:spruce_chest":8,"minecraft:oak_fence":36,"minecraft:red_dye":1,"minecraft:cooked_porkchop":5,"minecraft:crafting_table":3,"minecraft:spruce_planks":64,"minecraft:wooden_pickaxe":1,"minecraft:red_bed":1,"minecraft:birch_planks":44,"minecraft:stone_axe":1,"minecraft:air":0,"minecraft:oak_fence_gate":2,"minecraft:stick":40,"quark:oak_chest":11,"minecraft:stone_sword":1},"minecraft:custom":{"lootr:looted_stat":9,"minecraft:mob_kills":13,"minecraft:interact_with_crafting_table":57,"minecraft:open_barrel":8,"minecraft:leave_game":2,"minecraft:time_since_death":73010,"minecraft:climb_one_cm":36504,"minecraft:damage_resisted":11,"minecraft:sprint_one_cm":381922,"minecraft:walk_one_cm":699606,"minecraft:drop":47,"minecraft:play_time":185170,"minecraft:deaths":6,"minecraft:sneak_time":2896,"minecraft:walk_under_water_one_cm":861,"minecraft:jump":1655,"minecraft:walk_on_water_one_cm":1567,"minecraft:total_world_time":185170,"minecraft:interact_with_furnace":21,"minecraft:sleep_in_bed":10,"minecraft:time_since_rest":9403,"minecraft:damage_absorbed":44,"minecraft:damage_taken":2864,"minecraft:damage_dealt":2033,"minecraft:player_kills":2,"minecraft:fly_one_cm":319745,"minecraft:open_chest":60,"minecraft:crouch_one_cm":8093,"minecraft:fall_one_cm":36157,"minecraft:inspect_dispenser":4},"minecraft:killed":{"born_in_chaos_v1:maggot":3,"minecraft:skeleton":1,"minecraft:pig":1,"born_in_chaos_v1:baby_skeleton":1,"minecraft:sheep":4,"royalvariations:royal_zombie":1,"minecraft:pillager":1,"minecraft:cow":1},"minecraft:used":{"minecraft:beetroot":2,"minecraft:oak_fence":33,"minecraft:stone_sword":122,"minecraft:spruce_slab":5,"quark:jungle_chest":2,"minecraft:chest":4,"minecraft:stone_hoe":142,"minecraft:orange_bed":1,"minecraft:spyglass":3,"minecraft:dirt":2,"minecraft:carrot":2,"minecraft:oak_fence_gate":2,"minecraft:iron_hoe":8,"farmersdelight:tomato":1,"quark:spruce_chest":8,"create:gearbox":1,"create:brown_toolbox":2,"minecraft:barrel":1,"supplementaries:candy":1,"minecraft:golden_carrot":1,"create:shaft":1,"minecraft:sweet_berries":3,"minecraft:furnace":3,"minecraft:beetroot_seeds":20,"minecraft:enchanted_golden_apple":5,"minecraft:wheat_seeds":15,"minecraft:cooked_mutton":6,"minecraft:water_bucket":15,"minecraft:birch_planks":40,"minecraft:stone_pickaxe":118,"minecraft:oak_planks":36,"minecraft:wooden_pickaxe":15,"biomesoplenty:flowering_oak_sapling":1,"minecraft:glow_berries":2,"minecraft:crafting_table":3,"minecraft:red_bed":1,"minecraft:white_bed":5,"quark:glass_item_frame":1,"minecraft:apple":1,"minecraft:bread":9,"biomesoplenty:toadstool":3,"minecraft:stone_axe":161,"minecraft:cobblestone":4,"minecraft:cooked_porkchop":6,"minecraft:bucket":16,"quark:oak_chest":12,"minecraft:experience_bottle":3}},"DataVersion":3465}