{"stats":{"minecraft:custom":{"minecraft:time_since_rest":9070,"minecraft:walk_one_cm":21529,"minecraft:sprint_one_cm":17890,"minecraft:play_time":11538,"minecraft:damage_taken":230,"minecraft:deaths":1,"minecraft:mob_kills":3,"minecraft:drop":1,"minecraft:jump":225,"minecraft:damage_dealt":115,"minecraft:leave_game":2,"minecraft:time_since_death":8933,"minecraft:total_world_time":11538,"minecraft:interact_with_crafting_table":37,"minecraft:fall_one_cm":7930,"minecraft:fly_one_cm":38952},"minecraft:picked_up":{"minecraft:raw_copper":38,"minecraft:rotten_flesh":2,"minecraft:oak_log":5,"minecraft:coal":15,"minecraft:cobblestone":16},"minecraft:killed_by":{"born_in_chaos_v1:maggot":1},"minecraft:crafted":{"minecraft:oak_planks":20,"minecraft:crafting_table":1,"minecraft:stick":4,"minecraft:stone_pickaxe":1,"minecraft:wooden_pickaxe":1},"minecraft:killed":{"born_in_chaos_v1:maggot":3},"minecraft:dropped":{"minecraft:rotten_flesh":1},"minecraft:used":{"minecraft:crafting_table":1,"minecraft:stone_pickaxe":28,"minecraft:wooden_pickaxe":14},"minecraft:mined":{"biomesoplenty:bush":2,"minecraft:coal_ore":15,"minecraft:oak_log":5,"minecraft:copper_ore":11,"minecraft:stone":16}},"DataVersion":3465}