{"stats":{"minecraft:mined":{"minecraft:coarse_dirt":6,"minecraft:acacia_leaves":5,"minecraft:iron_ore":2,"minecraft:andesite":1,"minecraft:granite":22,"minecraft:grass":27,"minecraft:acacia_log":19,"minecraft:coal_ore":7,"minecraft:grass_block":4,"minecraft:oak_log":14,"minecraft:rose_bush":5,"minecraft:gravel":11,"minecraft:dirt":20,"minecraft:cobweb":1,"minecraft:copper_ore":4,"minecraft:tall_grass":2,"minecraft:lapis_ore":8,"minecraft:stone":172,"antlers:bloody_cow":1,"minecraft:deepslate":17,"minecraft:wall_torch":3,"minecraft:diorite":23,"minecraft:oak_leaves":2},"minecraft:crafted":{"minecraft:cooked_beef":3,"minecraft:wooden_sword":1,"minecraft:oak_planks":28,"minecraft:cooked_porkchop":1,"minecraft:stick":24,"minecraft:wooden_pickaxe":1,"minecraft:stone_pickaxe":2,"minecraft:torch":68},"minecraft:custom":{"minecraft:time_since_rest":45144,"minecraft:interact_with_furnace":5,"minecraft:sprint_one_cm":23770,"minecraft:damage_taken":188,"minecraft:walk_one_cm":123254,"minecraft:mob_kills":1,"minecraft:drop":1,"minecraft:damage_dealt":243,"minecraft:swim_one_cm":1613,"minecraft:interact_with_crafting_table":7,"minecraft:fly_one_cm":13087,"minecraft:open_chest":1,"minecraft:crouch_one_cm":22745,"minecraft:play_time":45144,"minecraft:sneak_time":10597,"minecraft:walk_under_water_one_cm":1375,"minecraft:jump":325,"minecraft:leave_game":1,"minecraft:time_since_death":45144,"minecraft:walk_on_water_one_cm":2885,"minecraft:total_world_time":45144,"minecraft:fall_one_cm":3961},"minecraft:picked_up":{"minecraft:raw_iron":2,"minecraft:coarse_dirt":6,"minecraft:crafting_table":1,"minecraft:andesite":1,"minecraft:leather":3,"minecraft:torch":5,"minecraft:acacia_log":19,"minecraft:gravel":10,"minecraft:flint":1,"minecraft:porkchop":1,"minecraft:oak_log":14,"minecraft:diorite":23,"minecraft:shield":1,"minecraft:spider_eye":1,"minecraft:lapis_lazuli":54,"minecraft:dirt":25,"minecraft:raw_copper":15,"minecraft:wheat_seeds":5,"minecraft:cobbled_deepslate":15,"minecraft:granite":25,"minecraft:beef":6,"minecraft:rose_bush":3,"minecraft:coal":17,"minecraft:acacia_sapling":1,"minecraft:cobblestone":174},"minecraft:broken":{"minecraft:stone_pickaxe":1,"minecraft:wooden_pickaxe":1},"minecraft:dropped":{"minecraft:shield":1},"minecraft:killed":{"minecraft:cow":1},"minecraft:used":{"minecraft:diorite":17,"minecraft:stone_pickaxe":202,"minecraft:wooden_pickaxe":58,"minecraft:torch":42,"minecraft:wooden_sword":2,"minecraft:dirt":12,"minecraft:cobblestone":5,"minecraft:crafting_table":1,"minecraft:cooked_porkchop":1,"minecraft:acacia_sapling":1,"minecraft:granite":14}},"DataVersion":3465}