{"stats":{"minecraft:custom":{"minecraft:time_since_rest":15138,"minecraft:crouch_one_cm":84,"minecraft:play_time":15138,"minecraft:sprint_one_cm":28899,"minecraft:damage_taken":160,"minecraft:walk_one_cm":35947,"minecraft:sneak_time":53,"minecraft:walk_under_water_one_cm":1849,"minecraft:jump":250,"minecraft:damage_dealt":28,"minecraft:time_since_death":15138,"minecraft:walk_on_water_one_cm":7527,"minecraft:total_world_time":15138,"minecraft:climb_one_cm":2122,"minecraft:swim_one_cm":10220,"minecraft:fall_one_cm":7600,"minecraft:fly_one_cm":28998},"minecraft:picked_up":{"minecraft:rotten_flesh":5,"biomesoplenty:jacaranda_log":6,"minecraft:wheat_seeds":2,"minecraft:dandelion":1,"minecraft:oak_log":9,"minecraft:poppy":3,"minecraft:oxeye_daisy":1},"minecraft:mined":{"minecraft:grass":4,"minecraft:oak_log":9,"biomesoplenty:jacaranda_leaves":1,"biomesoplenty:jacaranda_log":6,"minecraft:poppy":3,"biomesoplenty:tall_lavender":1,"minecraft:tall_grass":3,"minecraft:dandelion":1,"minecraft:oxeye_daisy":1,"minecraft:oak_leaves":1},"minecraft:crafted":{"minecraft:oak_planks":36,"minecraft:crafting_table":1}},"DataVersion":3465}