{"stats":{"minecraft:used":{"born_in_chaos_v1:supreme_measure":1,"minecraft:spruce_planks":2,"minecraft:water_bucket":2,"minecraft:glowstone":16,"mcwdoors:dark_oak_barn_glass_door":2,"mcwdoors:spruce_japanese_door":2},"minecraft:killed":{"antlers:wendigo":1},"minecraft:custom":{"minecraft:jump":27,"minecraft:open_chest":1,"minecraft:time_since_rest":17842,"minecraft:damage_dealt":3010,"minecraft:crouch_one_cm":387,"minecraft:walk_on_water_one_cm":361,"minecraft:sprint_one_cm":5683,"minecraft:play_time":17842,"minecraft:time_since_death":17842,"minecraft:walk_one_cm":21900,"minecraft:sneak_time":266,"minecraft:total_world_time":17842,"minecraft:mob_kills":1,"minecraft:fly_one_cm":109315}},"DataVersion":3465}