{"stats":{"minecraft:mined":{"minecraft:tuff":2,"minecraft:spruce_planks":13,"minecraft:mossy_cobblestone":2,"minecraft:soul_sand":7,"minecraft:mossy_stone_brick_slab":22,"minecraft:cobblestone_stairs":1,"minecraft:stone_brick_slab":27,"minecraft:crafting_table":2,"graveyard:tg_rooted_dirt":2,"minecraft:grass_block":6,"minecraft:spruce_fence":1,"minecraft:jungle_planks":1,"minecraft:stripped_jungle_wood":1,"minecraft:andesite_slab":6,"minecraft:tall_grass":8,"minecraft:soul_soil":5,"graveyard:tg_grass_block":7,"minecraft:polished_andesite_slab":7,"minecraft:spruce_leaves":11,"graveyard:lying_skeleton":2,"minecraft:oak_planks":1,"minecraft:damaged_anvil":6,"minecraft:rooted_dirt":2,"minecraft:wall_torch":1,"minecraft:spawner":2,"minecraft:skeleton_skull":1,"minecraft:large_fern":20,"minecraft:spruce_stairs":1,"minecraft:birch_planks":1,"minecraft:light_gray_candle":1,"minecraft:mossy_cobblestone_slab":14,"graveyard:vase_block":1,"graveyard:skull_with_rib_cage":1,"minecraft:cobblestone_wall":1,"graveyard:tg_moss_block":18,"minecraft:sweet_berry_bush":4,"minecraft:spruce_log":20,"graveyard:tg_andesite":1,"minecraft:stripped_spruce_log":1,"minecraft:pumpkin":1,"graveyard:skull_pile":1,"graveyard:tg_tuff":1,"minecraft:stone_brick_stairs":4,"minecraft:grass":5,"minecraft:mossy_stone_brick_stairs":6,"minecraft:cobblestone_slab":15,"minecraft:iron_bars":3,"graveyard:leaning_skeleton":2,"minecraft:dirt":7,"minecraft:lodestone":1,"minecraft:cracked_stone_bricks":1,"minecraft:stone_bricks":3,"minecraft:mossy_stone_bricks":2,"minecraft:oak_leaves":1,"minecraft:fern":5},"minecraft:killed_by":{"man:managgresive":1},"minecraft:used":{"minecraft:water_bucket":8,"undead_revamp2:therod_spawn_egg":8,"minecraft:iron_shovel":9,"minecraft:birch_planks":1,"minecraft:ladder":4,"minecraft:chest":1,"minecraft:spruce_planks":493,"minecraft:ender_pearl":3,"undead_revamp2:thesmoker_spawn_egg":5,"minecraft:stripped_jungle_wood":1,"minecraft:cracked_stone_bricks":43,"minecraft:iron_chestplate":1,"minecraft:torch":10,"undead_revamp2:invisiimmortal_spawn_egg":1,"undead_revamp2:the_moonflower_spawn_egg":3,"mcwdoors:spruce_japanese_door":3,"minecraft:crafting_table":2,"minecraft:jungle_planks":12,"minecraft:spruce_stairs":1,"born_in_chaos_v1:bonescaller_not_despawn_spawn_egg":6,"arphex:teleport_ghost_spawn_egg":13,"mcwdoors:dark_oak_barn_glass_door":3,"minecraft:spruce_log":28,"born_in_chaos_v1:supreme_measure":4,"minecraft:diamond_pickaxe":199,"undead_revamp2:sucker_spawn_egg":3,"minecraft:iron_axe":68,"minecraft:rooted_dirt":4,"born_in_chaos_v1:nightmare_stalker_spawn_egg":5,"minecraft:iron_helmet":1,"graveyard:ghoul_spawn_egg":46,"minecraft:iron_boots":1,"minecraft:crimson_nylium":2,"minecraft:potion":4,"minecraft:glowstone":53,"minecraft:nether_wart_block":15,"minecraft:golden_carrot":8,"minecraft:mud_brick_wall":1,"minecraft:cooked_porkchop":1,"minecraft:skeleton_skull":1,"born_in_chaos_v1:zombie_clown_not_despawn_spawn_egg":2,"born_in_chaos_v1:decaying_zombie_not_despawn_spawn_egg":1,"minecraft:splash_potion":1},"minecraft:custom":{"lootr:looted_stat":12,"minecraft:mob_kills":9,"minecraft:interact_with_crafting_table":18,"minecraft:open_barrel":2,"minecraft:leave_game":17,"minecraft:time_since_death":24054,"minecraft:sleep_in_bed":1,"minecraft:climb_one_cm":7315,"minecraft:time_since_rest":24079,"minecraft:damage_taken":1436,"minecraft:sprint_one_cm":91912,"minecraft:walk_one_cm":283912,"minecraft:drop":7,"minecraft:damage_dealt":6415,"minecraft:swim_one_cm":577,"minecraft:fly_one_cm":493247,"minecraft:player_kills":4,"minecraft:open_chest":9,"minecraft:crouch_one_cm":7528,"minecraft:play_time":218946,"minecraft:deaths":3,"minecraft:sneak_time":5785,"minecraft:walk_under_water_one_cm":4319,"minecraft:jump":778,"minecraft:walk_on_water_one_cm":12512,"minecraft:total_world_time":218946,"minecraft:fall_one_cm":10986},"minecraft:dropped":{"minecraft:crimson_nylium":1,"minecraft:diamond":1,"minecraft:iron_boots":1,"minecraft:dirt":1,"minecraft:spruce_planks":2,"minecraft:string":2},"minecraft:picked_up":{"minecraft:crafting_table":1,"minecraft:mossy_cobblestone_slab":5,"minecraft:air":0,"minecraft:golden_carrot":2,"minecraft:dirt":1,"antlers:tomahawkitem":2,"minecraft:bone":7,"minecraft:apple":4,"minecraft:spruce_planks":2,"minecraft:cobblestone_slab":6,"minecraft:moss_block":1,"minecraft:mossy_stone_brick_stairs":5,"born_in_chaos_v1:shattered_skull":1,"minecraft:pumpkin":1,"minecraft:sweet_berries":6,"minecraft:torch":2,"minecraft:stone_brick_slab":9,"born_in_chaos_v1:orbofthe_summoner":1,"minecraft:stripped_spruce_log":1,"minecraft:spruce_sapling":2,"minecraft:spruce_log":33,"minecraft:mossy_stone_brick_slab":5,"minecraft:arrow":2,"minecraft:rotten_flesh":2,"minecraft:light_gray_candle":3,"minecraft:mangrove_wood":1,"minecraft:bone_meal":39,"minecraft:rooted_dirt":1,"minecraft:damaged_anvil":4,"minecraft:skeleton_skull":1,"minecraft:andesite_slab":1},"minecraft:crafted":{"sophisticatedbackpacks:backpack":1,"minecraft:crafting_table":1,"minecraft:spruce_planks":24,"sophisticatedbackpacks:gold_backpack":1,"minecraft:iron_boots":1,"minecraft:diamond_pickaxe":1,"minecraft:iron_axe":1,"sophisticatedbackpacks:diamond_backpack":1,"minecraft:stick":8,"minecraft:chest":2,"minecraft:gold_ingot":9,"sophisticatedbackpacks:iron_backpack":1},"minecraft:killed":{"undead_revamp2:invisiimmortal":1,"born_in_chaos_v1:maggot":1,"minecraft:skeleton":2,"minecraft:zombie":3,"antlers:wendigo":1,"apollyon:the_damned":1}},"DataVersion":3465}