{"stats":{"minecraft:custom":{"lootr:looted_stat":6,"minecraft:mob_kills":7,"minecraft:interact_with_crafting_table":1,"minecraft:open_barrel":1,"minecraft:leave_game":8,"minecraft:time_since_death":2586,"minecraft:climb_one_cm":6096,"minecraft:time_since_rest":2626,"minecraft:sprint_one_cm":29050,"minecraft:damage_taken":694,"minecraft:walk_one_cm":146029,"minecraft:drop":3,"minecraft:damage_dealt":5465,"minecraft:fly_one_cm":380527,"minecraft:open_chest":3,"minecraft:crouch_one_cm":3829,"minecraft:play_time":140094,"minecraft:sneak_time":4085,"minecraft:deaths":2,"minecraft:walk_under_water_one_cm":3453,"minecraft:jump":267,"minecraft:walk_on_water_one_cm":4957,"minecraft:total_world_time":140094,"minecraft:fall_one_cm":2268},"minecraft:dropped":{"minecraft:dirt":1,"minecraft:spruce_planks":2},"minecraft:killed_by":{"man:managgresive":1},"minecraft:used":{"minecraft:water_bucket":8,"undead_revamp2:therod_spawn_egg":8,"minecraft:ladder":4,"minecraft:spruce_planks":460,"undead_revamp2:thesmoker_spawn_egg":5,"minecraft:stripped_jungle_wood":1,"minecraft:cracked_stone_bricks":41,"minecraft:iron_chestplate":1,"undead_revamp2:invisiimmortal_spawn_egg":1,"undead_revamp2:the_moonflower_spawn_egg":3,"mcwdoors:spruce_japanese_door":3,"minecraft:crafting_table":1,"minecraft:jungle_planks":12,"born_in_chaos_v1:bonescaller_not_despawn_spawn_egg":6,"arphex:teleport_ghost_spawn_egg":13,"mcwdoors:dark_oak_barn_glass_door":3,"minecraft:spruce_log":5,"born_in_chaos_v1:supreme_measure":4,"minecraft:diamond_pickaxe":64,"undead_revamp2:sucker_spawn_egg":3,"minecraft:iron_axe":28,"born_in_chaos_v1:nightmare_stalker_spawn_egg":5,"minecraft:iron_helmet":1,"graveyard:ghoul_spawn_egg":46,"minecraft:iron_boots":1,"minecraft:nether_wart_block":7,"minecraft:glowstone":47,"minecraft:golden_carrot":2,"minecraft:potion":4,"born_in_chaos_v1:zombie_clown_not_despawn_spawn_egg":2,"minecraft:splash_potion":1,"born_in_chaos_v1:decaying_zombie_not_despawn_spawn_egg":1},"minecraft:killed":{"undead_revamp2:invisiimmortal":1,"born_in_chaos_v1:maggot":1,"minecraft:zombie":3,"antlers:wendigo":1,"apollyon:the_damned":1},"minecraft:crafted":{"minecraft:crafting_table":1,"minecraft:spruce_planks":24,"minecraft:diamond_pickaxe":1,"minecraft:iron_axe":1,"minecraft:stick":8},"minecraft:mined":{"minecraft:mossy_cobblestone":2,"minecraft:mossy_stone_brick_slab":6,"minecraft:stone_brick_slab":8,"minecraft:crafting_table":1,"minecraft:andesite_slab":1,"minecraft:tall_grass":2,"minecraft:polished_andesite_slab":4,"minecraft:spruce_leaves":9,"minecraft:damaged_anvil":4,"minecraft:spawner":1,"minecraft:large_fern":8,"minecraft:light_gray_candle":1,"minecraft:mossy_cobblestone_slab":4,"graveyard:tg_moss_block":6,"graveyard:tg_andesite":1,"minecraft:sweet_berry_bush":3,"minecraft:spruce_log":20,"minecraft:stripped_spruce_log":1,"minecraft:pumpkin":1,"graveyard:skull_pile":1,"graveyard:tg_tuff":1,"minecraft:stone_brick_stairs":3,"minecraft:grass":2,"minecraft:mossy_stone_brick_stairs":6,"minecraft:cobblestone_slab":8,"minecraft:lodestone":1,"minecraft:stone_bricks":2,"minecraft:mossy_stone_bricks":2,"minecraft:fern":2},"minecraft:picked_up":{"minecraft:crafting_table":1,"minecraft:mossy_cobblestone_slab":4,"minecraft:dirt":1,"minecraft:bone":4,"minecraft:apple":4,"minecraft:spruce_planks":2,"minecraft:cobblestone_slab":3,"minecraft:moss_block":1,"minecraft:mossy_stone_brick_stairs":5,"born_in_chaos_v1:shattered_skull":1,"minecraft:pumpkin":1,"minecraft:sweet_berries":6,"minecraft:stone_brick_slab":3,"born_in_chaos_v1:orbofthe_summoner":1,"minecraft:torch":1,"minecraft:stripped_spruce_log":1,"minecraft:spruce_sapling":2,"minecraft:spruce_log":20,"minecraft:mossy_stone_brick_slab":4,"minecraft:rotten_flesh":2,"minecraft:light_gray_candle":3,"minecraft:bone_meal":39,"minecraft:damaged_anvil":4}},"DataVersion":3465}