{"stats":{"minecraft:picked_up":{"minecraft:coarse_dirt":4,"minecraft:dirt":1},"minecraft:mined":{"minecraft:grass":1,"minecraft:grass_block":1,"minecraft:coarse_dirt":4},"minecraft:custom":{"minecraft:jump":104,"minecraft:time_since_rest":12536,"minecraft:leave_game":1,"minecraft:damage_dealt":145,"minecraft:play_time":12536,"minecraft:sprint_one_cm":16190,"minecraft:damage_taken":20,"minecraft:time_since_death":12536,"minecraft:walk_one_cm":15941,"minecraft:sneak_time":194,"minecraft:total_world_time":12536,"minecraft:interact_with_crafting_table":2,"minecraft:fall_one_cm":1776,"minecraft:fly_one_cm":162552},"minecraft:used":{"minecraft:dirt":7,"minecraft:crafting_table":1}},"DataVersion":3465}