{"stats":{"minecraft:used":{"minecraft:ladder":4,"born_in_chaos_v1:supreme_measure":1,"minecraft:spruce_planks":8,"minecraft:water_bucket":2,"minecraft:glowstone":43,"mcwdoors:dark_oak_barn_glass_door":3,"mcwdoors:spruce_japanese_door":3},"minecraft:killed":{"antlers:wendigo":1},"minecraft:custom":{"minecraft:jump":41,"minecraft:open_chest":1,"minecraft:time_since_rest":29842,"minecraft:damage_dealt":3010,"minecraft:crouch_one_cm":442,"minecraft:walk_on_water_one_cm":412,"minecraft:sprint_one_cm":6116,"minecraft:play_time":29842,"minecraft:time_since_death":29842,"minecraft:walk_one_cm":41012,"minecraft:sneak_time":334,"minecraft:climb_one_cm":1149,"minecraft:total_world_time":29842,"minecraft:mob_kills":1,"minecraft:fly_one_cm":113974}},"DataVersion":3465}