{"stats":{"minecraft:picked_up":{"born_in_chaos_v1:shattered_skull":1,"born_in_chaos_v1:orbofthe_summoner":1},"minecraft:used":{"undead_revamp2:the_moonflower_spawn_egg":3,"born_in_chaos_v1:supreme_measure":2,"undead_revamp2:invisiimmortal_spawn_egg":1,"minecraft:water_bucket":8,"undead_revamp2:therod_spawn_egg":6,"minecraft:glowstone":44,"minecraft:potion":2,"undead_revamp2:sucker_spawn_egg":3,"mcwdoors:spruce_japanese_door":3,"minecraft:jungle_planks":1,"born_in_chaos_v1:bonescaller_not_despawn_spawn_egg":6,"minecraft:ladder":4,"born_in_chaos_v1:nightmare_stalker_spawn_egg":5,"minecraft:spruce_planks":10,"graveyard:ghoul_spawn_egg":45,"arphex:teleport_ghost_spawn_egg":13,"undead_revamp2:thesmoker_spawn_egg":5,"mcwdoors:dark_oak_barn_glass_door":3},"minecraft:killed":{"antlers:wendigo":1,"undead_revamp2:invisiimmortal":1},"minecraft:custom":{"minecraft:time_since_rest":39246,"minecraft:open_chest":1,"minecraft:crouch_one_cm":1776,"minecraft:play_time":83842,"minecraft:sprint_one_cm":8103,"minecraft:deaths":1,"minecraft:walk_one_cm":70932,"minecraft:sneak_time":2224,"minecraft:walk_under_water_one_cm":3453,"minecraft:mob_kills":2,"minecraft:jump":77,"minecraft:damage_dealt":4010,"minecraft:time_since_death":39221,"minecraft:walk_on_water_one_cm":3149,"minecraft:total_world_time":83842,"minecraft:climb_one_cm":2405,"minecraft:fly_one_cm":272851}},"DataVersion":3465}