{"stats":{"minecraft:picked_up":{"born_in_chaos_v1:shattered_skull":1,"minecraft:torch":1,"born_in_chaos_v1:orbofthe_summoner":1,"minecraft:dirt":1,"minecraft:rotten_flesh":1,"minecraft:spruce_planks":2,"minecraft:moss_block":1},"minecraft:dropped":{"minecraft:dirt":1,"minecraft:spruce_planks":1},"minecraft:used":{"born_in_chaos_v1:supreme_measure":4,"minecraft:water_bucket":8,"undead_revamp2:therod_spawn_egg":8,"undead_revamp2:sucker_spawn_egg":3,"minecraft:ladder":4,"born_in_chaos_v1:nightmare_stalker_spawn_egg":5,"minecraft:spruce_planks":457,"graveyard:ghoul_spawn_egg":46,"undead_revamp2:thesmoker_spawn_egg":5,"minecraft:cracked_stone_bricks":41,"undead_revamp2:invisiimmortal_spawn_egg":1,"minecraft:glowstone":44,"undead_revamp2:the_moonflower_spawn_egg":3,"mcwdoors:spruce_japanese_door":3,"minecraft:potion":4,"minecraft:jungle_planks":1,"born_in_chaos_v1:bonescaller_not_despawn_spawn_egg":6,"born_in_chaos_v1:zombie_clown_not_despawn_spawn_egg":2,"arphex:teleport_ghost_spawn_egg":13,"mcwdoors:dark_oak_barn_glass_door":3,"born_in_chaos_v1:decaying_zombie_not_despawn_spawn_egg":1},"minecraft:killed":{"antlers:wendigo":1,"undead_revamp2:invisiimmortal":1,"apollyon:the_damned":1,"born_in_chaos_v1:maggot":1},"minecraft:custom":{"minecraft:time_since_rest":65297,"minecraft:sprint_one_cm":8103,"minecraft:walk_one_cm":80711,"minecraft:mob_kills":4,"minecraft:drop":2,"minecraft:damage_dealt":4731,"minecraft:fly_one_cm":358277,"minecraft:open_chest":3,"minecraft:crouch_one_cm":3131,"minecraft:play_time":109893,"minecraft:deaths":1,"minecraft:sneak_time":3829,"minecraft:walk_under_water_one_cm":3453,"minecraft:jump":122,"minecraft:leave_game":1,"minecraft:walk_on_water_one_cm":3149,"minecraft:time_since_death":65272,"minecraft:climb_one_cm":2405,"minecraft:total_world_time":109893}},"DataVersion":3465}