{"stats":{"minecraft:killed_by":{"minecraft:player":1,"minecraft:zombie":1,"born_in_chaos_v1:door_knight":1},"minecraft:picked_up":{"create:copper_sheet":1,"minecraft:coarse_dirt":4,"minecraft:smithing_table":1,"minecraft:lead":1,"minecraft:wooden_pickaxe":1,"minecraft:oak_stairs":1,"minecraft:stone_brick_stairs":1,"minecraft:chain":1,"butcher:hoglincorpseitem":1,"minecraft:soul_soil":1,"minecraft:string":6,"create:fluid_pipe":2,"minecraft:cyan_carpet":1,"minecraft:cobbled_deepslate":5,"minecraft:rose_bush":2,"minecraft:written_book":2,"minecraft:cobblestone_slab":1,"minecraft:enchanted_golden_apple":60,"minecraft:chest":3,"minecraft:coal_block":6,"supplementaries:rope":8,"butcher:panda":1,"minecraft:spruce_trapdoor":13,"quark:berry_sack":3,"minecraft:raw_copper_block":3,"minecraft:furnace":2,"minecraft:spruce_pressure_plate":2,"minecraft:stick":10,"minecraft:stone":1,"minecraft:torch":2,"supplementaries:key":2,"minecraft:prismarine_crystals":3,"quark:charcoal_block":11,"create:large_cogwheel":2,"minecraft:arrow":5,"minecraft:rotten_flesh":9,"minecraft:iron_block":3,"minecraft:saddle":2,"minecraft:gold_ingot":4,"minecraft:deepslate_brick_stairs":1,"minecraft:mutton":3,"minecraft:iron_bars":1,"minecraft:skeleton_skull":1,"minecraft:white_wool":2,"minecraft:cobblestone":63,"minecraft:cooked_beef":3,"supplementaries:flint_block":4,"quark:limestone_pillar":6,"minecraft:leather":7,"supplementaries:soap":2,"minecraft:birch_planks":2,"supplementaries:item_shelf":13,"minecraft:flint":8,"minecraft:tuff":6,"minecraft:stripped_spruce_wood":2,"minecraft:oak_log":30,"minecraft:cobblestone_stairs":1,"minecraft:dirt":1,"minecraft:lapis_lazuli":3,"minecraft:map":1,"quark:limestone":5,"create:copper_nugget":1,"minecraft:stripped_birch_log":5,"minecraft:paper":1,"create:copper_ladder":5,"minecraft:bone":11,"minecraft:stone_bricks":9,"minecraft:wheat_seeds":1,"minecraft:deepslate_brick_slab":2,"minecraft:raw_gold":7,"minecraft:iron_ingot":2,"minecraft:stone_pickaxe":1,"farmersdelight:cyan_canvas_sign":1,"minecraft:oak_planks":67,"minecraft:book":6,"quark:azalea_wood":2,"quark:limestone_bricks":1,"create:cogwheel":3,"quark:glass_item_frame":3,"minecraft:dandelion":2,"minecraft:raw_iron_block":5,"minecraft:gravel":6,"minecraft:blast_furnace":1,"minecraft:white_bed":1,"quark:oak_chest":1,"minecraft:barrel":1,"biomesoplenty:flowering_oak_sapling":4,"minecraft:stone_axe":1,"minecraft:bread":13,"minecraft:oak_sapling":4,"minecraft:coal":92},"minecraft:dropped":{"born_in_chaos_v1:intoxicating_decoction":2,"minecraft:wheat_seeds":1,"minecraft:lead":1,"minecraft:paper":1,"minecraft:dandelion":1,"minecraft:enchanted_golden_apple":64},"minecraft:mined":{"quark:berry_sack":3,"minecraft:tuff":6,"minecraft:white_bed":1,"quark:azalea_planks":3,"minecraft:stripped_birch_log":1,"create:copper_ladder":1,"minecraft:sea_lantern":1,"minecraft:spruce_trapdoor":12,"biomesoplenty:bush":12,"minecraft:grass_block":2,"biomesoplenty:flowering_oak_leaves":3,"minecraft:coal_block":4,"minecraft:soul_soil":1,"minecraft:deepslate_brick_slab":2,"minecraft:raw_iron_block":5,"minecraft:furnace":1,"minecraft:barrel":2,"minecraft:iron_bars":1,"quark:limestone":5,"butcher:pandacorpse":1,"minecraft:deepslate_brick_stairs":1,"quark:limestone_bricks":1,"minecraft:warped_trapdoor":1,"minecraft:stone":44,"farmersdelight:cyan_canvas_wall_sign":1,"minecraft:smithing_table":1,"butcher:hoglin":1,"quark:oak_chest":1,"minecraft:torch":1,"quark:charcoal_block":6,"minecraft:blast_furnace":1,"supplementaries:item_shelf":8,"minecraft:chest":2,"minecraft:rose_bush":2,"minecraft:cobblestone":4,"minecraft:oak_planks":1,"minecraft:chain":1,"minecraft:birch_planks":1,"minecraft:coarse_dirt":4,"supplementaries:flint_block":4,"quark:limestone_pillar":6,"biomesoplenty:clover":1,"minecraft:grass":7,"minecraft:coal_ore":4,"minecraft:oak_log":31,"minecraft:gravel":3,"minecraft:cyan_carpet":1,"minecraft:dirt":2,"minecraft:raw_copper_block":3,"minecraft:stone_bricks":9,"minecraft:oak_leaves":7,"minecraft:deepslate":6},"minecraft:crafted":{"minecraft:oak_planks":116,"quark:birch_chest":2,"minecraft:furnace":1,"minecraft:iron_axe":1,"minecraft:stone_pickaxe":1,"quark:azalea_planks":8,"minecraft:crafting_table":2,"minecraft:spruce_planks":8,"minecraft:wooden_pickaxe":1,"minecraft:iron_helmet":1,"minecraft:birch_planks":16,"minecraft:stone_axe":1,"minecraft:air":0,"minecraft:iron_chestplate":1,"minecraft:stick":12,"quark:oak_chest":2,"minecraft:iron_ingot":45,"minecraft:iron_pickaxe":1,"minecraft:iron_block":2},"minecraft:custom":{"lootr:looted_stat":8,"minecraft:mob_kills":6,"minecraft:animals_bred":1,"minecraft:interact_with_crafting_table":27,"minecraft:open_barrel":7,"minecraft:leave_game":2,"minecraft:time_since_death":106167,"minecraft:climb_one_cm":24654,"minecraft:sprint_one_cm":220633,"minecraft:walk_one_cm":309635,"minecraft:drop":7,"minecraft:play_time":154049,"minecraft:deaths":3,"minecraft:sneak_time":2998,"minecraft:jump":1136,"minecraft:interact_with_blast_furnace":8,"minecraft:walk_on_water_one_cm":199,"minecraft:total_world_time":154049,"minecraft:interact_with_furnace":3,"minecraft:sleep_in_bed":4,"minecraft:time_since_rest":56040,"minecraft:damage_taken":1852,"minecraft:damage_dealt":1468,"minecraft:player_kills":4,"minecraft:fly_one_cm":424458,"minecraft:open_chest":43,"minecraft:crouch_one_cm":6973,"minecraft:fall_one_cm":25675},"minecraft:killed":{"minecraft:skeleton":1,"minecraft:sheep":2,"minecraft:zombie":1},"minecraft:used":{"quark:birch_chest":2,"minecraft:chest":10,"minecraft:spruce_planks":8,"minecraft:torch":2,"minecraft:dirt":7,"quark:limestone":4,"born_in_chaos_v1:supreme_measure":1,"minecraft:iron_axe":24,"minecraft:barrel":1,"minecraft:furnace":2,"minecraft:cooked_beef":2,"minecraft:stripped_birch_log":1,"minecraft:stone_pickaxe":78,"minecraft:baked_potato":21,"minecraft:oak_planks":39,"minecraft:wooden_pickaxe":4,"quark:azalea_planks":8,"minecraft:crafting_table":3,"minecraft:blast_furnace":2,"minecraft:white_bed":6,"minecraft:oak_log":1,"minecraft:iron_pickaxe":52,"minecraft:cyan_carpet":1,"minecraft:spruce_trapdoor":8,"minecraft:gravel":3,"create:copper_ladder":3,"minecraft:stone_axe":62,"minecraft:cobblestone":6,"butcher:hoglincorpseitem":2,"minecraft:smithing_table":1,"quark:berry_sack":3,"quark:oak_chest":3,"butcher:panda":2,"minecraft:dandelion":1}},"DataVersion":3465}