{"stats":{"minecraft:used":{"undead_revamp2:the_moonflower_spawn_egg":1,"born_in_chaos_v1:supreme_measure":2,"undead_revamp2:invisiimmortal_spawn_egg":1,"minecraft:water_bucket":8,"undead_revamp2:therod_spawn_egg":3,"minecraft:glowstone":44,"minecraft:potion":1,"undead_revamp2:sucker_spawn_egg":3,"mcwdoors:spruce_japanese_door":3,"minecraft:jungle_planks":1,"born_in_chaos_v1:bonescaller_not_despawn_spawn_egg":1,"minecraft:ladder":4,"born_in_chaos_v1:nightmare_stalker_spawn_egg":5,"minecraft:spruce_planks":10,"undead_revamp2:thesmoker_spawn_egg":5,"mcwdoors:dark_oak_barn_glass_door":3},"minecraft:killed":{"antlers:wendigo":1,"undead_revamp2:invisiimmortal":1},"minecraft:custom":{"minecraft:time_since_rest":27246,"minecraft:open_chest":1,"minecraft:crouch_one_cm":751,"minecraft:play_time":71842,"minecraft:sprint_one_cm":7205,"minecraft:deaths":1,"minecraft:walk_one_cm":56381,"minecraft:sneak_time":1522,"minecraft:walk_under_water_one_cm":3453,"minecraft:mob_kills":2,"minecraft:jump":62,"minecraft:damage_dealt":4010,"minecraft:time_since_death":27221,"minecraft:walk_on_water_one_cm":3149,"minecraft:total_world_time":71842,"minecraft:climb_one_cm":2064,"minecraft:fly_one_cm":208724}},"DataVersion":3465}