{"stats":{"minecraft:crafted":{"minecraft:crafting_table":1,"minecraft:spruce_planks":16,"minecraft:stick":4,"minecraft:wooden_axe":1},"minecraft:picked_up":{"minecraft:peony":2,"minecraft:shears":2,"minecraft:spruce_log":4,"minecraft:black_wool":2,"minecraft:chest":2,"minecraft:white_wool":5},"minecraft:custom":{"minecraft:time_since_rest":3426,"minecraft:open_chest":1,"minecraft:play_time":3426,"minecraft:sprint_one_cm":14420,"minecraft:damage_taken":190,"minecraft:walk_one_cm":4223,"minecraft:jump":116,"minecraft:damage_dealt":10,"minecraft:time_since_death":3426,"minecraft:walk_on_water_one_cm":178,"minecraft:total_world_time":3426,"minecraft:fly_one_cm":36167,"minecraft:interact_with_crafting_table":1,"minecraft:fall_one_cm":11947},"minecraft:mined":{"minecraft:chest":2,"minecraft:spruce_log":4,"minecraft:peony":2},"minecraft:used":{"minecraft:wooden_axe":2,"minecraft:crafting_table":1}},"DataVersion":3465}