{"stats":{"minecraft:crafted":{"minecraft:crafting_table":1,"minecraft:spruce_planks":16,"minecraft:stick":4,"minecraft:wooden_axe":1},"minecraft:picked_up":{"minecraft:wheat_seeds":1,"minecraft:peony":2,"minecraft:shears":2,"minecraft:porkchop":8,"minecraft:beef":1,"minecraft:gunpowder":2,"minecraft:spruce_log":4,"minecraft:string":2,"minecraft:black_wool":2,"minecraft:chest":2,"minecraft:white_wool":5},"minecraft:custom":{"minecraft:time_since_rest":18282,"minecraft:open_chest":3,"minecraft:play_time":18282,"minecraft:sprint_one_cm":59640,"minecraft:damage_taken":210,"minecraft:walk_one_cm":12711,"minecraft:sneak_time":19,"minecraft:mob_kills":8,"minecraft:jump":728,"minecraft:damage_dealt":1140,"minecraft:leave_game":1,"minecraft:time_since_death":18282,"minecraft:walk_on_water_one_cm":1282,"minecraft:total_world_time":18282,"minecraft:talked_to_villager":2,"minecraft:fly_one_cm":330706,"minecraft:interact_with_crafting_table":1,"minecraft:fall_one_cm":13036},"minecraft:mined":{"minecraft:chest":2,"minecraft:tall_grass":1,"minecraft:spruce_log":4,"minecraft:peony":2},"minecraft:killed":{"minecraft:spider":1,"minecraft:zombie":1,"minecraft:pig":3,"minecraft:creeper":2,"minecraft:cow":1},"minecraft:used":{"minecraft:white_wool":17,"minecraft:wooden_axe":19,"minecraft:sand":2,"minecraft:crafting_table":1,"minecraft:grass_block":8}},"DataVersion":3465}