{"stats":{"minecraft:mined":{"minecraft:mossy_stone_brick_slab":1,"minecraft:mangrove_roots":2,"antlers:bloody_fox":1,"minecraft:crafting_table":4,"cctvcraft:aluminum_ore":26,"minecraft:blast_furnace":1,"minecraft:grass_block":4,"minecraft:cobblestone":3,"minecraft:spruce_leaves":2,"graveyard:lying_skeleton":1,"minecraft:wall_torch":1,"minecraft:wheat":37,"minecraft:sweet_berry_bush":1,"minecraft:spruce_log":4,"minecraft:brown_bed":3,"minecraft:grass":16,"minecraft:oak_log":2,"minecraft:coal_ore":3,"minecraft:polished_deepslate_slab":1,"minecraft:dirt":6,"minecraft:cobweb":4,"born_in_chaos_v1:infernal_evil_pumpkin_s":1,"minecraft:stone":8,"minecraft:oak_leaves":1},"minecraft:used":{"minecraft:shield":12,"minecraft:iron_sword":71,"minecraft:iron_chestplate":1,"minecraft:torch":7,"minecraft:dirt":5,"minecraft:crafting_table":4,"minecraft:bread":11,"minecraft:iron_pickaxe":47,"minecraft:iron_boots":1,"minecraft:stone_axe":53,"minecraft:cobblestone":12,"minecraft:sweet_berries":8,"minecraft:cobweb":4,"minecraft:brown_bed":2},"minecraft:custom":{"lootr:looted_stat":14,"minecraft:mob_kills":32,"minecraft:interact_with_crafting_table":7,"minecraft:open_barrel":3,"minecraft:damage_dealt_resisted":73,"minecraft:time_since_death":17943,"minecraft:sleep_in_bed":2,"minecraft:climb_one_cm":806,"minecraft:time_since_rest":6255,"minecraft:sprint_one_cm":133343,"minecraft:damage_taken":683,"minecraft:walk_one_cm":71808,"minecraft:damage_blocked_by_shield":540,"minecraft:drop":8,"minecraft:damage_dealt":3202,"minecraft:swim_one_cm":146,"minecraft:talked_to_villager":1,"minecraft:fly_one_cm":162825,"minecraft:open_chest":3,"minecraft:crouch_one_cm":8398,"minecraft:play_time":38138,"minecraft:deaths":1,"minecraft:sneak_time":3166,"minecraft:walk_under_water_one_cm":86,"minecraft:jump":737,"minecraft:interact_with_blast_furnace":1,"minecraft:walk_on_water_one_cm":3157,"minecraft:total_world_time":38138,"minecraft:fall_one_cm":17880,"minecraft:horse_one_cm":219277},"minecraft:dropped":{"minecraft:wheat_seeds":104,"minecraft:mossy_stone_brick_slab":1,"minecraft:saddle":1,"minecraft:gray_wool":1,"minecraft:pink_petals":2},"minecraft:picked_up":{"minecraft:pink_petals":2,"minecraft:crafting_table":4,"minecraft:wheat":36,"minecraft:feather":4,"minecraft:chicken":2,"minecraft:leather":14,"minecraft:brown_bed":3,"minecraft:oak_log":2,"minecraft:string":4,"minecraft:dirt":10,"minecraft:bone":7,"minecraft:wheat_seeds":104,"minecraft:beef":30,"cctvcraft:raw_aluminum":34,"minecraft:egg":1,"minecraft:stick":1,"minecraft:polished_deepslate_slab":1,"minecraft:sweet_berries":6,"minecraft:torch":1,"born_in_chaos_v1:ethereal_spirit":1,"minecraft:porkchop":5,"minecraft:blast_furnace":1,"minecraft:spruce_log":4,"minecraft:mossy_stone_brick_slab":1,"minecraft:rotten_flesh":8,"minecraft:slime_ball":5,"minecraft:hay_block":1,"minecraft:carved_pumpkin":1,"minecraft:gray_wool":1,"minecraft:mangrove_roots":2,"minecraft:coal":3,"minecraft:mutton":6,"minecraft:cobblestone":33,"minecraft:white_wool":3},"minecraft:crafted":{"minecraft:oak_planks":8,"sophisticatedbackpacks:backpack":1,"minecraft:crafting_table":1,"minecraft:spruce_planks":16,"minecraft:stone_axe":1,"minecraft:bread":15,"minecraft:shield":1,"minecraft:stick":12,"minecraft:chest":1,"minecraft:torch":44,"sophisticatedbackpacks:iron_backpack":1,"minecraft:wheat":9},"minecraft:killed":{"minecraft:pig":2,"born_in_chaos_v1:pumpkin_spirit":1,"minecraft:horse":1,"minecraft:sheep":4,"minecraft:chicken":2,"undead_revamp2:thebidy":1,"minecraft:cow":13}},"DataVersion":3465}