{"stats":{"minecraft:mined":{"minecraft:mossy_cobblestone":3,"minecraft:mossy_stone_brick_slab":1,"minecraft:cobblestone_stairs":2,"minecraft:mangrove_roots":2,"antlers:bloody_fox":1,"minecraft:brewing_stand":1,"minecraft:torch":1,"minecraft:crafting_table":4,"cctvcraft:aluminum_ore":26,"minecraft:granite":23,"minecraft:blast_furnace":1,"minecraft:grass_block":8,"minecraft:white_stained_glass_pane":1,"minecraft:copper_ore":19,"minecraft:cobblestone":7,"minecraft:spruce_leaves":2,"minecraft:lapis_ore":3,"graveyard:lying_skeleton":1,"minecraft:diorite":18,"minecraft:wall_torch":8,"minecraft:hay_block":18,"minecraft:iron_ore":2,"minecraft:wheat":37,"minecraft:sweet_berry_bush":1,"minecraft:spruce_log":4,"minecraft:andesite":19,"minecraft:brown_bed":3,"minecraft:yellow_stained_glass_pane":1,"minecraft:grass":18,"minecraft:oak_log":12,"minecraft:coal_ore":3,"minecraft:polished_deepslate_slab":1,"minecraft:dripstone_block":5,"minecraft:dirt":41,"minecraft:cobweb":4,"born_in_chaos_v1:infernal_evil_pumpkin_s":1,"minecraft:stone":245,"minecraft:oak_leaves":11},"minecraft:used":{"minecraft:cobblestone_stairs":2,"minecraft:shield":12,"minecraft:iron_sword":71,"minecraft:iron_chestplate":1,"minecraft:torch":46,"minecraft:mossy_cobblestone":2,"minecraft:dirt":19,"minecraft:crafting_table":4,"minecraft:granite":9,"minecraft:oak_log":3,"minecraft:bread":13,"minecraft:iron_pickaxe":391,"minecraft:iron_boots":1,"minecraft:stone_axe":64,"minecraft:cobblestone":69,"minecraft:sweet_berries":8,"minecraft:cobweb":4,"minecraft:brown_bed":2},"minecraft:custom":{"lootr:looted_stat":14,"minecraft:mob_kills":32,"minecraft:interact_with_crafting_table":7,"minecraft:open_barrel":3,"minecraft:bell_ring":10,"minecraft:damage_dealt_resisted":73,"minecraft:time_since_death":47943,"minecraft:sleep_in_bed":2,"minecraft:climb_one_cm":2004,"minecraft:time_since_rest":36255,"minecraft:sprint_one_cm":156103,"minecraft:damage_taken":773,"minecraft:walk_one_cm":113368,"minecraft:damage_blocked_by_shield":540,"minecraft:drop":11,"minecraft:damage_dealt":3202,"minecraft:swim_one_cm":146,"minecraft:talked_to_villager":2,"minecraft:fly_one_cm":186878,"minecraft:open_chest":3,"minecraft:crouch_one_cm":28276,"minecraft:play_time":68138,"minecraft:deaths":1,"minecraft:sneak_time":12024,"minecraft:walk_under_water_one_cm":342,"minecraft:jump":1034,"minecraft:interact_with_blast_furnace":1,"minecraft:walk_on_water_one_cm":4110,"minecraft:total_world_time":68138,"minecraft:fall_one_cm":23544,"minecraft:horse_one_cm":313804},"minecraft:dropped":{"minecraft:wheat_seeds":104,"minecraft:cobblestone":1,"minecraft:mossy_stone_brick_slab":1,"minecraft:saddle":1,"minecraft:gray_wool":1,"minecraft:diorite":1,"minecraft:torch":1,"minecraft:pink_petals":2},"minecraft:broken":{"minecraft:iron_pickaxe":1},"minecraft:picked_up":{"minecraft:pink_petals":2,"minecraft:crafting_table":4,"minecraft:wheat":36,"minecraft:feather":4,"minecraft:chicken":2,"minecraft:andesite":18,"minecraft:leather":14,"minecraft:brown_bed":3,"minecraft:oak_log":12,"minecraft:brewing_stand":1,"minecraft:cobblestone_stairs":2,"minecraft:lapis_lazuli":19,"minecraft:string":4,"minecraft:dirt":49,"minecraft:raw_copper":73,"minecraft:bone":7,"minecraft:apple":1,"minecraft:wheat_seeds":104,"minecraft:beef":30,"cctvcraft:raw_aluminum":34,"minecraft:egg":1,"minecraft:stick":1,"minecraft:raw_iron":2,"minecraft:polished_deepslate_slab":1,"minecraft:sweet_berries":6,"minecraft:torch":15,"born_in_chaos_v1:ethereal_spirit":1,"minecraft:dripstone_block":5,"minecraft:porkchop":7,"minecraft:blast_furnace":1,"minecraft:diorite":18,"minecraft:spruce_log":4,"minecraft:mossy_stone_brick_slab":1,"minecraft:mossy_cobblestone":2,"minecraft:rotten_flesh":8,"minecraft:slime_ball":5,"minecraft:hay_block":19,"minecraft:granite":22,"minecraft:carved_pumpkin":1,"minecraft:gray_wool":1,"minecraft:mangrove_roots":2,"minecraft:oak_sapling":3,"minecraft:coal":3,"minecraft:mutton":6,"minecraft:cobblestone":275,"minecraft:white_wool":3},"minecraft:crafted":{"minecraft:oak_planks":8,"sophisticatedbackpacks:backpack":1,"minecraft:crafting_table":1,"minecraft:spruce_planks":16,"minecraft:stone_axe":1,"minecraft:bread":15,"minecraft:shield":1,"minecraft:stick":12,"minecraft:chest":1,"minecraft:torch":44,"sophisticatedbackpacks:iron_backpack":1,"minecraft:wheat":9},"minecraft:killed":{"minecraft:pig":2,"born_in_chaos_v1:pumpkin_spirit":1,"minecraft:horse":1,"minecraft:sheep":4,"minecraft:chicken":2,"undead_revamp2:thebidy":1,"minecraft:cow":13}},"DataVersion":3465}