{"stats":{"minecraft:mined":{"minecraft:tuff":1,"minecraft:mossy_cobblestone":3,"minecraft:mossy_stone_brick_slab":1,"minecraft:cobblestone_stairs":2,"minecraft:dark_oak_log":8,"antlers:bloody_fox":1,"minecraft:mangrove_roots":2,"minecraft:brewing_stand":1,"born_in_chaos_v1:infected_diamond_ore":1,"cctvcraft:aluminum_ore":26,"minecraft:granite":23,"minecraft:grass_block":8,"minecraft:spruce_leaves":2,"minecraft:hay_block":18,"minecraft:iron_ore":36,"minecraft:andesite":28,"minecraft:deepslate_lapis_ore":5,"minecraft:brown_bed":6,"minecraft:polished_deepslate_slab":1,"minecraft:stone":321,"minecraft:deepslate_redstone_ore":6,"minecraft:crafting_table":5,"minecraft:torch":8,"minecraft:blast_furnace":2,"minecraft:white_stained_glass_pane":1,"minecraft:copper_ore":22,"minecraft:cobblestone":34,"minecraft:lapis_ore":9,"graveyard:lying_skeleton":1,"minecraft:diorite":20,"minecraft:wall_torch":9,"minecraft:sweet_berry_bush":1,"minecraft:wheat":37,"minecraft:spruce_log":4,"minecraft:yellow_stained_glass_pane":1,"minecraft:grass":19,"minecraft:coal_ore":72,"minecraft:oak_log":45,"minecraft:dripstone_block":5,"minecraft:dirt":45,"minecraft:cobweb":7,"born_in_chaos_v1:infernal_evil_pumpkin_s":1,"minecraft:oak_leaves":11,"minecraft:deepslate":1},"minecraft:killed_by":{"apollyon:the_damned":1,"cave_dweller:cave_dweller":1},"minecraft:used":{"minecraft:chest":1,"minecraft:shield":38,"minecraft:iron_sword":218,"minecraft:iron_chestplate":1,"minecraft:torch":146,"minecraft:dirt":20,"minecraft:tuff":1,"minecraft:granite":9,"minecraft:iron_boots":1,"minecraft:sweet_berries":8,"minecraft:brown_bed":6,"minecraft:cobblestone_stairs":2,"minecraft:mossy_cobblestone":2,"minecraft:crafting_table":6,"minecraft:blast_furnace":2,"minecraft:oak_log":3,"minecraft:lever":1,"minecraft:bread":26,"minecraft:iron_pickaxe":633,"minecraft:iron_door":1,"minecraft:stone_axe":111,"minecraft:cobblestone":171,"minecraft:cobweb":7},"minecraft:custom":{"lootr:looted_stat":14,"minecraft:mob_kills":70,"minecraft:interact_with_crafting_table":15,"minecraft:open_barrel":3,"minecraft:bell_ring":10,"minecraft:damage_dealt_resisted":899,"minecraft:time_since_death":2243,"minecraft:climb_one_cm":2004,"minecraft:sprint_one_cm":228176,"minecraft:walk_one_cm":246763,"minecraft:damage_blocked_by_shield":1554,"minecraft:drop":16,"minecraft:talked_to_villager":2,"minecraft:play_time":128138,"minecraft:deaths":3,"minecraft:sneak_time":22687,"minecraft:walk_under_water_one_cm":342,"minecraft:jump":1555,"minecraft:interact_with_blast_furnace":16,"minecraft:walk_on_water_one_cm":4893,"minecraft:total_world_time":128138,"minecraft:sleep_in_bed":5,"minecraft:time_since_rest":2270,"minecraft:damage_taken":1848,"minecraft:damage_dealt":9865,"minecraft:swim_one_cm":146,"minecraft:fly_one_cm":237124,"minecraft:open_chest":4,"minecraft:crouch_one_cm":56223,"minecraft:fall_one_cm":34861,"minecraft:horse_one_cm":313804},"minecraft:dropped":{"minecraft:wheat_seeds":104,"minecraft:cobblestone":1,"minecraft:saddle":1,"minecraft:gray_wool":1,"minecraft:dark_oak_log":8,"minecraft:diorite":1,"minecraft:torch":3,"minecraft:pink_petals":2,"minecraft:mossy_stone_brick_slab":1,"sophisticatedbackpacks:backpack":2},"minecraft:broken":{"minecraft:stone_axe":1,"minecraft:iron_pickaxe":2},"minecraft:picked_up":{"undead_revamp2:bostroxingot":1,"minecraft:crafting_table":5,"born_in_chaos_v1:diamond_termite_shard":1,"minecraft:wheat":36,"minecraft:chicken":2,"minecraft:brown_bed":6,"minecraft:brewing_stand":1,"minecraft:string":10,"minecraft:raw_copper":85,"minecraft:cobbled_deepslate":4,"minecraft:beef":30,"minecraft:egg":1,"minecraft:raw_iron":36,"minecraft:stick":1,"minecraft:polished_deepslate_slab":1,"minecraft:torch":25,"sophisticatedbackpacks:backpack":2,"minecraft:porkchop":7,"minecraft:diorite":20,"minecraft:redstone":27,"minecraft:rotten_flesh":34,"minecraft:hay_block":19,"minecraft:carved_pumpkin":1,"minecraft:mangrove_roots":2,"minecraft:gold_ingot":1,"minecraft:mutton":6,"minecraft:white_wool":3,"minecraft:cobblestone":370,"minecraft:pink_petals":2,"born_in_chaos_v1:corpse_maggot":3,"minecraft:feather":4,"born_in_chaos_v1:monster_flesh":1,"minecraft:andesite":27,"minecraft:leather":14,"minecraft:tuff":1,"minecraft:oak_log":45,"minecraft:cobblestone_stairs":2,"minecraft:lapis_lazuli":86,"minecraft:dirt":53,"minecraft:bone":13,"minecraft:apple":1,"minecraft:wheat_seeds":104,"minecraft:iron_ingot":3,"cctvcraft:raw_aluminum":34,"minecraft:sweet_berries":6,"born_in_chaos_v1:ethereal_spirit":1,"minecraft:dripstone_block":5,"minecraft:blast_furnace":2,"minecraft:spruce_log":4,"minecraft:dark_oak_log":8,"minecraft:mossy_stone_brick_slab":1,"minecraft:spider_eye":1,"minecraft:mossy_cobblestone":2,"minecraft:slime_ball":5,"minecraft:diamond":2,"minecraft:granite":22,"minecraft:gray_wool":1,"minecraft:oak_sapling":3,"minecraft:coal":74,"minecraft:ender_pearl":1},"minecraft:crafted":{"minecraft:wooden_sword":1,"minecraft:oak_planks":52,"minecraft:lever":1,"minecraft:chest":2,"minecraft:iron_door":3,"minecraft:wheat":9,"sophisticatedbackpacks:iron_backpack":1,"minecraft:wooden_shovel":1,"sophisticatedbackpacks:backpack":1,"minecraft:crafting_table":1,"minecraft:spruce_planks":16,"minecraft:wooden_pickaxe":1,"minecraft:copper_ingot":64,"minecraft:stone_axe":1,"minecraft:bread":15,"minecraft:air":0,"minecraft:shield":1,"minecraft:stick":44,"minecraft:iron_ingot":27,"minecraft:iron_pickaxe":1,"minecraft:wooden_axe":1,"minecraft:iron_leggings":1,"minecraft:torch":132},"minecraft:killed":{"undead_revamp2:thewolf":1,"undead_revamp2:thehunter":3,"born_in_chaos_v1:pumpkin_spirit":1,"minecraft:spider":1,"born_in_chaos_v1:maggot":2,"minecraft:horse":1,"minecraft:skeleton":1,"minecraft:chicken":2,"undead_revamp2:thebidy":1,"undead_revamp2:sucker":1,"minecraft:pig":2,"born_in_chaos_v1:diamond_termite":1,"born_in_chaos_v1:baby_skeleton":1,"undead_revamp2:the_moonflower":2,"minecraft:sheep":4,"undead_revamp2:thesomnolence":6,"minecraft:zombie":10,"born_in_chaos_v1:dread_hound":1,"born_in_chaos_v1:corpse_fly":1,"undead_revamp2:theskeeper":1,"born_in_chaos_v1:door_knight":1,"minecraft:cow":13,"minecraft:enderman":2}},"DataVersion":3465}