{"stats":{"minecraft:mined":{"minecraft:diamond_ore":1,"minecraft:tuff":1,"minecraft:mossy_cobblestone":3,"minecraft:mossy_stone_brick_slab":1,"minecraft:cobblestone_stairs":2,"minecraft:dark_oak_log":8,"antlers:bloody_fox":1,"minecraft:mangrove_roots":2,"minecraft:brewing_stand":1,"born_in_chaos_v1:infected_diamond_ore":1,"cctvcraft:aluminum_ore":26,"minecraft:granite":23,"minecraft:grass_block":8,"minecraft:spruce_leaves":2,"minecraft:hay_block":18,"minecraft:redstone_ore":1,"minecraft:iron_ore":68,"minecraft:andesite":29,"minecraft:deepslate_lapis_ore":5,"minecraft:brown_bed":6,"minecraft:polished_deepslate_slab":1,"minecraft:stone":336,"minecraft:deepslate_redstone_ore":6,"minecraft:smoker":1,"minecraft:crafting_table":5,"minecraft:torch":9,"minecraft:blast_furnace":3,"minecraft:white_stained_glass_pane":1,"minecraft:copper_ore":22,"minecraft:cobblestone":37,"minecraft:lapis_ore":9,"graveyard:lying_skeleton":1,"minecraft:diorite":20,"minecraft:wall_torch":12,"minecraft:wheat":37,"minecraft:sweet_berry_bush":1,"minecraft:spruce_log":4,"minecraft:yellow_stained_glass_pane":1,"minecraft:grass":19,"minecraft:oak_log":45,"minecraft:coal_ore":72,"minecraft:dripstone_block":5,"minecraft:dirt":45,"minecraft:cobweb":7,"born_in_chaos_v1:infernal_evil_pumpkin_s":1,"minecraft:gold_ore":14,"minecraft:oak_leaves":11,"minecraft:deepslate":2},"minecraft:killed_by":{"apollyon:the_damned":2,"antlers:wendigo":1,"cave_dweller:cave_dweller":2},"minecraft:used":{"minecraft:chest":1,"minecraft:iron_sword":246,"minecraft:shield":56,"minecraft:iron_chestplate":1,"minecraft:torch":256,"minecraft:dirt":20,"minecraft:tuff":1,"minecraft:granite":9,"minecraft:iron_axe":7,"minecraft:iron_boots":1,"minecraft:sweet_berries":8,"minecraft:cobbled_deepslate":1,"minecraft:brown_bed":6,"minecraft:cobblestone_stairs":2,"minecraft:mossy_cobblestone":2,"minecraft:crafting_table":6,"minecraft:blast_furnace":3,"minecraft:smoker":2,"minecraft:oak_log":3,"minecraft:lever":1,"minecraft:bread":33,"minecraft:iron_pickaxe":704,"minecraft:iron_door":1,"minecraft:stone_axe":111,"minecraft:cobblestone":217,"minecraft:andesite":1,"minecraft:cobweb":7},"minecraft:custom":{"lootr:looted_stat":14,"minecraft:mob_kills":86,"minecraft:interact_with_crafting_table":20,"minecraft:open_barrel":3,"minecraft:bell_ring":10,"minecraft:damage_dealt_resisted":899,"minecraft:leave_game":1,"minecraft:time_since_death":2887,"minecraft:climb_one_cm":2004,"minecraft:sprint_one_cm":319994,"minecraft:walk_one_cm":319785,"minecraft:damage_blocked_by_shield":2389,"minecraft:drop":18,"minecraft:talked_to_villager":2,"minecraft:play_time":167746,"minecraft:deaths":6,"minecraft:sneak_time":25277,"minecraft:walk_under_water_one_cm":342,"minecraft:jump":2031,"minecraft:interact_with_blast_furnace":18,"minecraft:walk_on_water_one_cm":4893,"minecraft:total_world_time":167746,"minecraft:sleep_in_bed":6,"minecraft:time_since_rest":1021,"minecraft:damage_taken":3015,"minecraft:damage_dealt":11927,"minecraft:swim_one_cm":146,"minecraft:fly_one_cm":292141,"minecraft:open_chest":13,"minecraft:crouch_one_cm":63629,"minecraft:interact_with_smoker":7,"minecraft:fall_one_cm":47069,"minecraft:horse_one_cm":313804},"minecraft:dropped":{"minecraft:iron_sword":1,"minecraft:wheat_seeds":104,"minecraft:cobblestone":1,"minecraft:saddle":1,"minecraft:gray_wool":1,"minecraft:dark_oak_log":8,"minecraft:diorite":1,"minecraft:torch":3,"minecraft:iron_pickaxe":1,"minecraft:pink_petals":2,"minecraft:mossy_stone_brick_slab":1,"sophisticatedbackpacks:backpack":2},"minecraft:broken":{"minecraft:stone_axe":1,"minecraft:iron_pickaxe":2},"minecraft:picked_up":{"undead_revamp2:bostroxingot":1,"born_in_chaos_v1:diamond_termite_shard":1,"minecraft:crafting_table":5,"minecraft:wheat":36,"minecraft:chicken":2,"minecraft:brown_bed":6,"minecraft:brewing_stand":1,"minecraft:string":10,"minecraft:raw_copper":85,"minecraft:cobbled_deepslate":5,"minecraft:beef":30,"minecraft:egg":1,"minecraft:stick":1,"minecraft:raw_iron":68,"minecraft:polished_deepslate_slab":1,"minecraft:torch":29,"sophisticatedbackpacks:backpack":2,"minecraft:porkchop":7,"minecraft:diorite":20,"minecraft:redstone":31,"minecraft:rotten_flesh":37,"minecraft:hay_block":19,"minecraft:carved_pumpkin":1,"minecraft:mangrove_roots":2,"minecraft:gold_ingot":1,"minecraft:mutton":6,"minecraft:white_wool":3,"minecraft:cobblestone":388,"born_in_chaos_v1:corpse_maggot":4,"minecraft:pink_petals":2,"minecraft:feather":4,"born_in_chaos_v1:monster_flesh":1,"minecraft:andesite":28,"minecraft:leather":14,"minecraft:smoker":1,"minecraft:tuff":1,"minecraft:oak_log":45,"minecraft:cobblestone_stairs":2,"minecraft:lapis_lazuli":86,"minecraft:dirt":53,"minecraft:bone":13,"minecraft:apple":1,"minecraft:wheat_seeds":104,"minecraft:raw_gold":14,"minecraft:iron_ingot":4,"cctvcraft:raw_aluminum":34,"minecraft:sweet_berries":6,"born_in_chaos_v1:ethereal_spirit":1,"minecraft:dripstone_block":5,"minecraft:blast_furnace":3,"minecraft:spruce_log":4,"minecraft:mossy_stone_brick_slab":1,"minecraft:dark_oak_log":8,"minecraft:spider_eye":1,"minecraft:mossy_cobblestone":2,"minecraft:slime_ball":5,"minecraft:diamond":3,"minecraft:granite":22,"minecraft:gray_wool":1,"minecraft:oak_sapling":3,"minecraft:coal":79,"minecraft:ender_pearl":1},"minecraft:crafted":{"minecraft:wooden_sword":1,"minecraft:oak_planks":64,"sophisticatedbackpacks:tool_swapper_upgrade":1,"minecraft:furnace":1,"minecraft:lever":1,"minecraft:iron_axe":1,"minecraft:chest":2,"minecraft:iron_door":3,"minecraft:smoker":1,"sophisticatedbackpacks:iron_backpack":1,"minecraft:wheat":171,"minecraft:cooked_beef":33,"minecraft:wooden_shovel":1,"sophisticatedbackpacks:backpack":1,"minecraft:crafting_table":1,"minecraft:spruce_planks":16,"minecraft:wooden_pickaxe":1,"minecraft:iron_sword":1,"minecraft:copper_ingot":64,"minecraft:stone_axe":1,"sophisticatedbackpacks:upgrade_base":1,"minecraft:air":0,"minecraft:bread":69,"minecraft:shield":1,"minecraft:stick":88,"minecraft:iron_ingot":35,"minecraft:iron_pickaxe":2,"minecraft:wooden_axe":1,"minecraft:iron_leggings":1,"minecraft:torch":288},"minecraft:killed":{"undead_revamp2:thewolf":1,"undead_revamp2:thehunter":3,"undead_revamp2:thegliter":1,"born_in_chaos_v1:pumpkin_spirit":1,"minecraft:spider":1,"born_in_chaos_v1:maggot":3,"minecraft:skeleton":1,"minecraft:horse":1,"minecraft:chicken":2,"undead_revamp2:thebidy":1,"undead_revamp2:sucker":1,"minecraft:pig":2,"born_in_chaos_v1:diamond_termite":1,"born_in_chaos_v1:baby_skeleton":1,"undead_revamp2:the_moonflower":2,"bwrtherain:spider_skull":7,"born_in_chaos_v1:decrepit_skeleton":1,"minecraft:sheep":4,"undead_revamp2:thesomnolence":8,"minecraft:zombie":13,"born_in_chaos_v1:dread_hound":1,"born_in_chaos_v1:corpse_fly":2,"undead_revamp2:theskeeper":1,"born_in_chaos_v1:door_knight":1,"minecraft:cow":13,"minecraft:enderman":2}},"DataVersion":3465}