{"stats":{"minecraft:mined":{"minecraft:deepslate_redstone_ore":6,"minecraft:tuff":1,"minecraft:mossy_cobblestone":3,"minecraft:mossy_stone_brick_slab":1,"minecraft:cobblestone_stairs":2,"minecraft:mangrove_roots":2,"antlers:bloody_fox":1,"minecraft:brewing_stand":1,"born_in_chaos_v1:infected_diamond_ore":1,"minecraft:torch":7,"minecraft:crafting_table":4,"cctvcraft:aluminum_ore":26,"minecraft:granite":23,"minecraft:blast_furnace":1,"minecraft:grass_block":8,"minecraft:white_stained_glass_pane":1,"minecraft:copper_ore":22,"minecraft:cobblestone":20,"minecraft:spruce_leaves":2,"minecraft:lapis_ore":9,"graveyard:lying_skeleton":1,"minecraft:diorite":20,"minecraft:wall_torch":8,"minecraft:hay_block":18,"minecraft:iron_ore":36,"minecraft:wheat":37,"minecraft:sweet_berry_bush":1,"minecraft:spruce_log":4,"minecraft:andesite":28,"minecraft:deepslate_lapis_ore":5,"minecraft:brown_bed":6,"minecraft:yellow_stained_glass_pane":1,"minecraft:grass":18,"minecraft:oak_log":12,"minecraft:coal_ore":29,"minecraft:polished_deepslate_slab":1,"minecraft:dripstone_block":5,"minecraft:dirt":45,"minecraft:cobweb":4,"born_in_chaos_v1:infernal_evil_pumpkin_s":1,"minecraft:stone":313,"minecraft:deepslate":1,"minecraft:oak_leaves":11},"minecraft:used":{"minecraft:cobblestone_stairs":2,"minecraft:shield":19,"minecraft:iron_sword":169,"minecraft:iron_chestplate":1,"minecraft:torch":134,"minecraft:mossy_cobblestone":2,"minecraft:dirt":20,"minecraft:crafting_table":5,"minecraft:blast_furnace":1,"minecraft:tuff":1,"minecraft:granite":9,"minecraft:oak_log":3,"minecraft:bread":20,"minecraft:iron_pickaxe":567,"minecraft:iron_boots":1,"minecraft:stone_axe":67,"minecraft:cobblestone":149,"minecraft:sweet_berries":8,"minecraft:cobweb":4,"minecraft:brown_bed":6},"minecraft:custom":{"lootr:looted_stat":14,"minecraft:mob_kills":54,"minecraft:interact_with_crafting_table":9,"minecraft:open_barrel":3,"minecraft:bell_ring":10,"minecraft:damage_dealt_resisted":730,"minecraft:time_since_death":83943,"minecraft:sleep_in_bed":5,"minecraft:climb_one_cm":2004,"minecraft:time_since_rest":16627,"minecraft:sprint_one_cm":200437,"minecraft:damage_taken":1103,"minecraft:walk_one_cm":193520,"minecraft:damage_blocked_by_shield":820,"minecraft:drop":15,"minecraft:damage_dealt":7715,"minecraft:swim_one_cm":146,"minecraft:talked_to_villager":2,"minecraft:fly_one_cm":213518,"minecraft:open_chest":3,"minecraft:crouch_one_cm":48750,"minecraft:play_time":104138,"minecraft:deaths":1,"minecraft:sneak_time":19593,"minecraft:walk_under_water_one_cm":342,"minecraft:jump":1311,"minecraft:interact_with_blast_furnace":10,"minecraft:walk_on_water_one_cm":4893,"minecraft:total_world_time":104138,"minecraft:fall_one_cm":30590,"minecraft:horse_one_cm":313804},"minecraft:dropped":{"minecraft:wheat_seeds":104,"minecraft:cobblestone":1,"minecraft:mossy_stone_brick_slab":1,"sophisticatedbackpacks:backpack":2,"minecraft:saddle":1,"minecraft:gray_wool":1,"minecraft:diorite":1,"minecraft:torch":3,"minecraft:pink_petals":2},"minecraft:broken":{"minecraft:iron_pickaxe":2},"minecraft:picked_up":{"born_in_chaos_v1:corpse_maggot":3,"minecraft:pink_petals":2,"minecraft:crafting_table":4,"minecraft:wheat":36,"minecraft:feather":4,"minecraft:chicken":2,"born_in_chaos_v1:monster_flesh":1,"minecraft:andesite":27,"minecraft:leather":14,"minecraft:brown_bed":6,"minecraft:tuff":1,"minecraft:oak_log":12,"minecraft:brewing_stand":1,"minecraft:cobblestone_stairs":2,"minecraft:lapis_lazuli":86,"minecraft:string":4,"minecraft:dirt":53,"minecraft:raw_copper":85,"minecraft:bone":10,"minecraft:apple":1,"minecraft:wheat_seeds":104,"minecraft:cobbled_deepslate":4,"minecraft:beef":30,"cctvcraft:raw_aluminum":34,"minecraft:egg":1,"minecraft:stick":1,"minecraft:raw_iron":36,"minecraft:polished_deepslate_slab":1,"minecraft:sweet_berries":6,"sophisticatedbackpacks:backpack":2,"minecraft:torch":23,"born_in_chaos_v1:ethereal_spirit":1,"minecraft:dripstone_block":5,"minecraft:porkchop":7,"minecraft:redstone":27,"minecraft:blast_furnace":1,"minecraft:diorite":20,"minecraft:spruce_log":4,"minecraft:spider_eye":1,"minecraft:mossy_stone_brick_slab":1,"minecraft:mossy_cobblestone":2,"minecraft:rotten_flesh":26,"minecraft:slime_ball":5,"minecraft:hay_block":19,"minecraft:granite":22,"minecraft:carved_pumpkin":1,"minecraft:gray_wool":1,"minecraft:mangrove_roots":2,"minecraft:ender_pearl":1,"minecraft:oak_sapling":3,"minecraft:coal":29,"minecraft:mutton":6,"minecraft:cobblestone":349,"minecraft:white_wool":3},"minecraft:crafted":{"minecraft:oak_planks":36,"sophisticatedbackpacks:backpack":1,"minecraft:crafting_table":1,"minecraft:spruce_planks":16,"minecraft:stone_axe":1,"minecraft:air":0,"minecraft:bread":15,"minecraft:shield":1,"minecraft:stick":32,"minecraft:iron_ingot":27,"minecraft:iron_pickaxe":1,"minecraft:chest":1,"minecraft:iron_leggings":1,"minecraft:torch":116,"sophisticatedbackpacks:iron_backpack":1,"minecraft:wheat":9},"minecraft:killed":{"minecraft:pig":2,"born_in_chaos_v1:baby_skeleton":1,"born_in_chaos_v1:pumpkin_spirit":1,"undead_revamp2:the_moonflower":2,"minecraft:spider":1,"born_in_chaos_v1:maggot":2,"minecraft:skeleton":1,"minecraft:horse":1,"minecraft:sheep":4,"minecraft:zombie":10,"born_in_chaos_v1:dread_hound":1,"born_in_chaos_v1:corpse_fly":1,"minecraft:chicken":2,"undead_revamp2:thebidy":1,"born_in_chaos_v1:door_knight":1,"minecraft:enderman":2,"minecraft:cow":13}},"DataVersion":3465}