{"stats":{"minecraft:mined":{"minecraft:mossy_stone_brick_slab":1,"minecraft:mangrove_roots":2,"antlers:bloody_fox":1,"minecraft:brewing_stand":1,"minecraft:torch":1,"minecraft:crafting_table":4,"cctvcraft:aluminum_ore":26,"minecraft:blast_furnace":1,"minecraft:grass_block":7,"minecraft:copper_ore":2,"minecraft:cobblestone":4,"minecraft:spruce_leaves":2,"minecraft:lapis_ore":3,"graveyard:lying_skeleton":1,"minecraft:wall_torch":3,"minecraft:hay_block":18,"minecraft:wheat":37,"minecraft:sweet_berry_bush":1,"minecraft:spruce_log":4,"minecraft:brown_bed":3,"minecraft:grass":18,"minecraft:oak_log":12,"minecraft:coal_ore":3,"minecraft:polished_deepslate_slab":1,"minecraft:dirt":23,"minecraft:cobweb":4,"born_in_chaos_v1:infernal_evil_pumpkin_s":1,"minecraft:stone":110,"minecraft:oak_leaves":11},"minecraft:used":{"minecraft:shield":12,"minecraft:iron_sword":71,"minecraft:iron_chestplate":1,"minecraft:torch":18,"minecraft:dirt":13,"minecraft:crafting_table":4,"minecraft:oak_log":3,"minecraft:bread":13,"minecraft:iron_pickaxe":159,"minecraft:iron_boots":1,"minecraft:stone_axe":64,"minecraft:cobblestone":14,"minecraft:sweet_berries":8,"minecraft:cobweb":4,"minecraft:brown_bed":2},"minecraft:custom":{"lootr:looted_stat":14,"minecraft:mob_kills":32,"minecraft:interact_with_crafting_table":7,"minecraft:open_barrel":3,"minecraft:bell_ring":10,"minecraft:damage_dealt_resisted":73,"minecraft:time_since_death":29943,"minecraft:sleep_in_bed":2,"minecraft:climb_one_cm":806,"minecraft:time_since_rest":18255,"minecraft:sprint_one_cm":147040,"minecraft:damage_taken":683,"minecraft:walk_one_cm":91367,"minecraft:damage_blocked_by_shield":540,"minecraft:drop":8,"minecraft:damage_dealt":3202,"minecraft:swim_one_cm":146,"minecraft:talked_to_villager":2,"minecraft:fly_one_cm":180961,"minecraft:open_chest":3,"minecraft:crouch_one_cm":14288,"minecraft:play_time":50138,"minecraft:deaths":1,"minecraft:sneak_time":5366,"minecraft:walk_under_water_one_cm":86,"minecraft:jump":813,"minecraft:interact_with_blast_furnace":1,"minecraft:walk_on_water_one_cm":3157,"minecraft:total_world_time":50138,"minecraft:fall_one_cm":19552,"minecraft:horse_one_cm":313804},"minecraft:dropped":{"minecraft:wheat_seeds":104,"minecraft:mossy_stone_brick_slab":1,"minecraft:saddle":1,"minecraft:gray_wool":1,"minecraft:pink_petals":2},"minecraft:picked_up":{"minecraft:pink_petals":2,"minecraft:crafting_table":4,"minecraft:wheat":36,"minecraft:feather":4,"minecraft:chicken":2,"minecraft:leather":14,"minecraft:brown_bed":3,"minecraft:oak_log":12,"minecraft:brewing_stand":1,"minecraft:lapis_lazuli":19,"minecraft:string":4,"minecraft:dirt":30,"minecraft:raw_copper":8,"minecraft:bone":7,"minecraft:apple":1,"minecraft:wheat_seeds":104,"minecraft:beef":30,"cctvcraft:raw_aluminum":34,"minecraft:egg":1,"minecraft:stick":1,"minecraft:polished_deepslate_slab":1,"minecraft:sweet_berries":6,"minecraft:torch":9,"born_in_chaos_v1:ethereal_spirit":1,"minecraft:porkchop":5,"minecraft:blast_furnace":1,"minecraft:spruce_log":4,"minecraft:mossy_stone_brick_slab":1,"minecraft:rotten_flesh":8,"minecraft:slime_ball":5,"minecraft:hay_block":19,"minecraft:carved_pumpkin":1,"minecraft:gray_wool":1,"minecraft:mangrove_roots":2,"minecraft:oak_sapling":3,"minecraft:coal":3,"minecraft:mutton":6,"minecraft:cobblestone":135,"minecraft:white_wool":3},"minecraft:crafted":{"minecraft:oak_planks":8,"sophisticatedbackpacks:backpack":1,"minecraft:crafting_table":1,"minecraft:spruce_planks":16,"minecraft:stone_axe":1,"minecraft:bread":15,"minecraft:shield":1,"minecraft:stick":12,"minecraft:chest":1,"minecraft:torch":44,"sophisticatedbackpacks:iron_backpack":1,"minecraft:wheat":9},"minecraft:killed":{"minecraft:pig":2,"born_in_chaos_v1:pumpkin_spirit":1,"minecraft:horse":1,"minecraft:sheep":4,"minecraft:chicken":2,"undead_revamp2:thebidy":1,"minecraft:cow":13}},"DataVersion":3465}