{"stats":{"minecraft:mined":{"minecraft:mossy_stone_brick_slab":1,"minecraft:wheat":2,"minecraft:spruce_log":4,"antlers:bloody_fox":1,"minecraft:mangrove_roots":2,"minecraft:crafting_table":2,"cctvcraft:aluminum_ore":9,"minecraft:grass":2,"minecraft:cobblestone":1,"minecraft:spruce_leaves":2,"minecraft:oak_leaves":1},"minecraft:used":{"minecraft:bread":2,"minecraft:iron_pickaxe":14,"minecraft:iron_boots":1,"minecraft:iron_chestplate":1,"minecraft:stone_axe":20,"minecraft:cobblestone":1,"minecraft:crafting_table":2},"minecraft:custom":{"minecraft:time_since_rest":14138,"lootr:looted_stat":10,"minecraft:sprint_one_cm":62984,"minecraft:damage_taken":40,"minecraft:walk_one_cm":29355,"minecraft:mob_kills":9,"minecraft:drop":2,"minecraft:damage_dealt":890,"minecraft:talked_to_villager":1,"minecraft:interact_with_crafting_table":3,"minecraft:swim_one_cm":146,"minecraft:fly_one_cm":65320,"minecraft:open_barrel":3,"minecraft:open_chest":3,"minecraft:crouch_one_cm":1955,"minecraft:play_time":14138,"minecraft:sneak_time":791,"minecraft:walk_under_water_one_cm":86,"minecraft:jump":286,"minecraft:walk_on_water_one_cm":2202,"minecraft:time_since_death":14138,"minecraft:climb_one_cm":806,"minecraft:total_world_time":14138,"minecraft:fall_one_cm":7408},"minecraft:dropped":{"minecraft:gray_wool":1,"minecraft:mossy_stone_brick_slab":1},"minecraft:picked_up":{"minecraft:crafting_table":2,"minecraft:feather":2,"minecraft:chicken":1,"minecraft:leather":2,"minecraft:porkchop":5,"minecraft:spruce_log":4,"minecraft:mossy_stone_brick_slab":1,"minecraft:rotten_flesh":3,"minecraft:wheat_seeds":1,"minecraft:beef":2,"minecraft:gray_wool":1,"minecraft:mangrove_roots":2,"minecraft:mutton":6,"cctvcraft:raw_aluminum":12,"minecraft:white_wool":3,"minecraft:cobblestone":10,"minecraft:egg":1},"minecraft:crafted":{"minecraft:shield":1,"minecraft:crafting_table":1,"minecraft:stick":4,"minecraft:spruce_planks":16,"minecraft:stone_axe":1},"minecraft:killed":{"minecraft:sheep":4,"minecraft:horse":1,"minecraft:pig":2,"minecraft:chicken":1,"minecraft:cow":1}},"DataVersion":3465}