{"stats":{"minecraft:mined":{"minecraft:mud_brick_slab":3,"minecraft:spruce_planks":70,"minecraft:scaffolding":1,"minecraft:glass_pane":1,"minecraft:red_bed":11,"minecraft:smoker":1,"minecraft:mangrove_roots":2,"antlers:bloody_fox":1,"minecraft:crafting_table":4,"minecraft:mangrove_wood":2,"minecraft:dead_tube_coral_block":2,"minecraft:potted_mangrove_propagule":1,"born_in_chaos_v1:black_argillite_brick_n":1,"minecraft:white_stained_glass_pane":1,"minecraft:rose_bush":2,"minecraft:campfire":3,"minecraft:tall_grass":1,"minecraft:spruce_leaves":60,"minecraft:dried_kelp_block":1,"biomesoplenty:sprout":3,"minecraft:mud_brick_wall":1,"minecraft:moss_block":1,"born_in_chaos_v1:gnawed_bones":1,"born_in_chaos_v1:pile_of_skulls":1,"minecraft:spawner":5,"minecraft:chain":2,"minecraft:purple_bed":2,"antlers:sheep_corpse":2,"minecraft:turtle_egg":2,"minecraft:fire":1,"minecraft:sweet_berry_bush":9,"minecraft:spruce_log":271,"minecraft:stripped_spruce_log":3,"biomesoplenty:fir_log":1,"minecraft:grass":1,"biomesoplenty:fir_leaves":18,"minecraft:cobweb":12,"minecraft:iron_block":2,"antlers:bloody_cow":2,"minecraft:oak_leaves":2,"minecraft:spruce_slab":2,"minecraft:fern":3},"minecraft:killed_by":{"antlers:wendigo":1},"minecraft:used":{"minecraft:moss_block":1,"minecraft:mangrove_planks":2,"minecraft:shield":1,"minecraft:spruce_planks":1003,"minecraft:ender_pearl":1,"minecraft:iron_sword":23,"minecraft:rotten_flesh":2,"minecraft:crafting_table":6,"minecraft:red_bed":9,"mcwdoors:dark_oak_barn_glass_door":1,"minecraft:spruce_log":5,"minecraft:smoker":1,"minecraft:obsidian":8,"born_in_chaos_v1:corpse_maggot":1,"minecraft:apple":14,"minecraft:bread":36,"minecraft:iron_pickaxe":21,"minecraft:iron_axe":410,"minecraft:diamond_sword":21,"born_in_chaos_v1:rotten_fish":1,"minecraft:purple_bed":2,"minecraft:mangrove_roots":1,"minecraft:mud_brick_wall":1,"minecraft:cooked_porkchop":3,"minecraft:golden_axe":29},"minecraft:custom":{"lootr:looted_stat":67,"minecraft:mob_kills":42,"minecraft:animals_bred":1,"minecraft:interact_with_crafting_table":19,"minecraft:open_barrel":39,"minecraft:damage_dealt_resisted":2,"minecraft:leave_game":6,"minecraft:time_since_death":101999,"minecraft:sleep_in_bed":10,"minecraft:climb_one_cm":7657,"minecraft:time_since_rest":3284,"minecraft:sprint_one_cm":298451,"minecraft:damage_taken":3236,"minecraft:walk_one_cm":374644,"minecraft:damage_blocked_by_shield":40,"minecraft:drop":36,"minecraft:damage_dealt":4147,"minecraft:swim_one_cm":7332,"minecraft:talked_to_villager":7,"minecraft:fly_one_cm":424950,"minecraft:open_chest":11,"minecraft:crouch_one_cm":115123,"minecraft:play_time":172040,"minecraft:deaths":4,"minecraft:sneak_time":32797,"minecraft:walk_under_water_one_cm":1167,"minecraft:interact_with_brewingstand":2,"minecraft:jump":2877,"minecraft:walk_on_water_one_cm":8086,"minecraft:total_world_time":172040,"minecraft:interact_with_smoker":5,"minecraft:fall_one_cm":95506},"minecraft:dropped":{"minecraft:bread":4,"minecraft:sweet_berries":2,"minecraft:oak_log":1,"minecraft:mangrove_propagule":3,"minecraft:iron_helmet":2,"minecraft:chicken":1,"minecraft:feather":2,"minecraft:rotten_flesh":12,"minecraft:mangrove_planks":4,"minecraft:stick":8,"minecraft:dried_kelp_block":1,"minecraft:mangrove_wood":4,"minecraft:mutton":1,"minecraft:rose_bush":2,"minecraft:chain":2,"minecraft:scaffolding":1,"minecraft:egg":1,"minecraft:spruce_sapling":6,"minecraft:dead_tube_coral_block":1},"minecraft:broken":{"minecraft:golden_axe":1,"minecraft:iron_axe":1},"minecraft:picked_up":{"born_in_chaos_v1:corpse_maggot":7,"minecraft:charcoal":6,"minecraft:crafting_table":2,"minecraft:feather":2,"minecraft:chicken":2,"minecraft:leather":14,"minecraft:smoker":1,"biomesoplenty:fir_log":1,"minecraft:diamond_horse_armor":1,"minecraft:oak_log":1,"minecraft:chain":2,"antlers:tomahawkitem":4,"minecraft:red_bed":11,"minecraft:string":11,"minecraft:dead_tube_coral_block":1,"mcwdoors:dark_oak_barn_glass_door":1,"minecraft:spruce_planks":69,"minecraft:beef":23,"minecraft:rose_bush":4,"born_in_chaos_v1:gnawed_bones":1,"minecraft:moss_block":1,"minecraft:mangrove_log":1,"minecraft:egg":1,"minecraft:scaffolding":1,"minecraft:stick":10,"minecraft:sweet_berries":28,"minecraft:torch":2,"born_in_chaos_v1:ethereal_spirit":2,"minecraft:porkchop":13,"minecraft:spruce_sapling":7,"minecraft:mud_brick_wall":1,"minecraft:spruce_log":264,"minecraft:dried_kelp_block":1,"minecraft:purple_bed":2,"minecraft:rotten_flesh":24,"born_in_chaos_v1:fire_dust":1,"born_in_chaos_v1:pile_of_skulls":1,"minecraft:mangrove_wood":5,"minecraft:iron_helmet":1,"minecraft:iron_block":2,"born_in_chaos_v1:rotten_fish":4,"born_in_chaos_v1:spiny_shell":12,"minecraft:mangrove_roots":1,"minecraft:mutton":1,"minecraft:mangrove_propagule":4},"minecraft:crafted":{"sophisticatedbackpacks:backpack":1,"minecraft:crafting_table":5,"minecraft:spruce_planks":1060,"minecraft:iron_sword":1,"sophisticatedbackpacks:gold_backpack":1,"minecraft:mangrove_planks":8,"minecraft:bone_meal":50,"minecraft:bone":6,"minecraft:golden_apple":4,"minecraft:shield":1,"minecraft:iron_axe":3,"minecraft:stick":8,"minecraft:iron_ingot":18,"minecraft:chest":1,"born_in_chaos_v1:shattered_skull":4,"sophisticatedbackpacks:iron_backpack":1},"minecraft:killed":{"minecraft:pig":9,"born_in_chaos_v1:restless_spirit":1,"born_in_chaos_v1:thornshell_crab":3,"minecraft:bee":1,"minecraft:zombie":1,"undead_revamp2:coppertar":2,"minecraft:chicken":1,"born_in_chaos_v1:corpse_fly":4,"born_in_chaos_v1:firelight_not_despawn":1,"minecraft:cow":10}},"DataVersion":3465}