{"stats":{"minecraft:picked_up":{"minecraft:charcoal":6,"born_in_chaos_v1:corpse_maggot":6,"minecraft:crafting_table":2,"minecraft:feather":2,"minecraft:chicken":2,"minecraft:leather":12,"minecraft:smoker":1,"minecraft:string":6,"minecraft:red_bed":4,"mcwdoors:dark_oak_barn_glass_door":1,"minecraft:spruce_planks":53,"minecraft:beef":21,"minecraft:rose_bush":2,"born_in_chaos_v1:gnawed_bones":1,"minecraft:moss_block":1,"minecraft:egg":1,"minecraft:scaffolding":1,"minecraft:stick":4,"minecraft:sweet_berries":24,"born_in_chaos_v1:ethereal_spirit":2,"minecraft:porkchop":13,"minecraft:spruce_sapling":7,"minecraft:mud_brick_wall":1,"minecraft:spruce_log":140,"minecraft:purple_bed":2,"minecraft:dried_kelp_block":1,"minecraft:rotten_flesh":13,"born_in_chaos_v1:fire_dust":1,"born_in_chaos_v1:pile_of_skulls":1,"minecraft:mangrove_wood":2,"minecraft:iron_helmet":1,"minecraft:mangrove_roots":1,"minecraft:mutton":1,"minecraft:mangrove_propagule":4},"minecraft:dropped":{"minecraft:bread":4,"minecraft:chicken":1,"minecraft:mangrove_propagule":3,"minecraft:iron_helmet":2,"minecraft:feather":2,"minecraft:stick":2,"minecraft:dried_kelp_block":1,"minecraft:mutton":1,"minecraft:spruce_sapling":6,"minecraft:egg":1},"minecraft:used":{"minecraft:moss_block":1,"minecraft:mangrove_planks":2,"minecraft:spruce_planks":487,"minecraft:iron_sword":20,"minecraft:rotten_flesh":2,"minecraft:crafting_table":6,"minecraft:red_bed":3,"mcwdoors:dark_oak_barn_glass_door":1,"minecraft:smoker":1,"minecraft:spruce_log":5,"minecraft:obsidian":8,"minecraft:apple":7,"minecraft:iron_axe":265,"minecraft:bread":11,"minecraft:iron_pickaxe":8,"minecraft:purple_bed":2,"minecraft:mangrove_roots":1,"minecraft:mud_brick_wall":1,"minecraft:cooked_porkchop":1,"minecraft:golden_axe":29},"minecraft:mined":{"minecraft:mud_brick_slab":3,"minecraft:scaffolding":1,"minecraft:spruce_planks":54,"minecraft:red_bed":4,"minecraft:smoker":1,"antlers:bloody_fox":1,"minecraft:mangrove_roots":2,"minecraft:crafting_table":4,"minecraft:mangrove_wood":2,"minecraft:potted_mangrove_propagule":1,"minecraft:white_stained_glass_pane":1,"minecraft:rose_bush":2,"minecraft:campfire":3,"minecraft:tall_grass":1,"minecraft:spruce_leaves":58,"minecraft:dried_kelp_block":1,"biomesoplenty:sprout":2,"minecraft:mud_brick_wall":1,"minecraft:moss_block":1,"born_in_chaos_v1:gnawed_bones":1,"born_in_chaos_v1:pile_of_skulls":1,"minecraft:purple_bed":2,"antlers:sheep_corpse":1,"minecraft:turtle_egg":2,"minecraft:fire":1,"minecraft:sweet_berry_bush":9,"minecraft:spruce_log":143,"minecraft:stripped_spruce_log":3,"minecraft:cobweb":6,"antlers:bloody_cow":2,"minecraft:spruce_slab":2,"minecraft:fern":3},"minecraft:killed_by":{"antlers:wendigo":1},"minecraft:crafted":{"sophisticatedbackpacks:backpack":1,"minecraft:crafting_table":5,"minecraft:spruce_planks":536,"minecraft:iron_sword":1,"sophisticatedbackpacks:gold_backpack":1,"minecraft:bone_meal":40,"minecraft:mangrove_planks":4,"minecraft:bone":6,"minecraft:shield":1,"minecraft:iron_axe":3,"minecraft:stick":8,"minecraft:chest":1,"born_in_chaos_v1:shattered_skull":4,"sophisticatedbackpacks:iron_backpack":1},"minecraft:killed":{"minecraft:pig":7,"born_in_chaos_v1:restless_spirit":1,"undead_revamp2:coppertar":2,"minecraft:chicken":1,"born_in_chaos_v1:corpse_fly":4,"born_in_chaos_v1:firelight_not_despawn":1,"minecraft:cow":9},"minecraft:broken":{"minecraft:golden_axe":1,"minecraft:iron_axe":1},"minecraft:custom":{"lootr:looted_stat":29,"minecraft:mob_kills":30,"minecraft:open_barrel":32,"minecraft:interact_with_crafting_table":16,"minecraft:damage_dealt_resisted":2,"minecraft:leave_game":4,"minecraft:time_since_death":29303,"minecraft:sleep_in_bed":3,"minecraft:climb_one_cm":3769,"minecraft:time_since_rest":13297,"minecraft:sprint_one_cm":172485,"minecraft:damage_taken":1655,"minecraft:walk_one_cm":211070,"minecraft:drop":21,"minecraft:damage_dealt":3347,"minecraft:swim_one_cm":5987,"minecraft:talked_to_villager":4,"minecraft:fly_one_cm":208093,"minecraft:open_chest":7,"minecraft:crouch_one_cm":69368,"minecraft:play_time":99344,"minecraft:deaths":4,"minecraft:sneak_time":20668,"minecraft:walk_under_water_one_cm":1022,"minecraft:interact_with_brewingstand":1,"minecraft:jump":1499,"minecraft:walk_on_water_one_cm":7565,"minecraft:interact_with_smoker":3,"minecraft:total_world_time":99344,"minecraft:fall_one_cm":40375}},"DataVersion":3465}