{"stats":{"minecraft:picked_up":{"minecraft:stick":2,"born_in_chaos_v1:corpse_maggot":6,"minecraft:sweet_berries":16,"minecraft:smoker":1,"minecraft:spruce_log":15,"minecraft:mud_brick_wall":1,"minecraft:red_bed":1,"minecraft:dried_kelp_block":1,"minecraft:rotten_flesh":12,"minecraft:mangrove_wood":1,"mcwdoors:dark_oak_barn_glass_door":1,"minecraft:spruce_planks":1,"minecraft:iron_helmet":1,"minecraft:mangrove_roots":1,"minecraft:moss_block":1,"minecraft:mutton":1,"minecraft:mangrove_propagule":3},"minecraft:dropped":{"minecraft:bread":4,"minecraft:mutton":1,"minecraft:mangrove_propagule":2,"minecraft:iron_helmet":1,"minecraft:stick":2},"minecraft:used":{"minecraft:moss_block":1,"minecraft:iron_axe":27,"minecraft:bread":5,"minecraft:iron_pickaxe":8,"minecraft:mangrove_planks":1,"minecraft:spruce_planks":40,"minecraft:rotten_flesh":2,"minecraft:mud_brick_wall":1,"minecraft:mangrove_roots":1,"minecraft:red_bed":1,"mcwdoors:dark_oak_barn_glass_door":1,"minecraft:obsidian":4,"minecraft:spruce_log":3},"minecraft:mined":{"minecraft:mud_brick_slab":3,"minecraft:spruce_planks":1,"minecraft:red_bed":1,"antlers:sheep_corpse":1,"minecraft:smoker":1,"minecraft:sweet_berry_bush":6,"minecraft:spruce_log":15,"antlers:bloody_fox":1,"minecraft:stripped_spruce_log":3,"minecraft:mangrove_roots":2,"minecraft:mangrove_wood":2,"minecraft:potted_mangrove_propagule":1,"minecraft:white_stained_glass_pane":1,"minecraft:tall_grass":1,"minecraft:dried_kelp_block":1,"antlers:bloody_cow":2,"minecraft:mud_brick_wall":1,"minecraft:moss_block":1,"minecraft:spruce_slab":2,"minecraft:fern":1},"minecraft:killed_by":{"antlers:wendigo":1},"minecraft:crafted":{"minecraft:iron_axe":1,"minecraft:spruce_planks":44,"minecraft:stick":4,"minecraft:mangrove_planks":4},"minecraft:killed":{"born_in_chaos_v1:corpse_fly":4},"minecraft:custom":{"minecraft:time_since_rest":12818,"lootr:looted_stat":6,"minecraft:sprint_one_cm":56381,"minecraft:damage_taken":1036,"minecraft:walk_one_cm":93155,"minecraft:mob_kills":5,"minecraft:drop":10,"minecraft:damage_dealt":757,"minecraft:swim_one_cm":2493,"minecraft:interact_with_crafting_table":4,"minecraft:fly_one_cm":73589,"minecraft:open_chest":3,"minecraft:crouch_one_cm":4748,"minecraft:play_time":28290,"minecraft:deaths":3,"minecraft:sneak_time":1234,"minecraft:walk_under_water_one_cm":499,"minecraft:jump":471,"minecraft:damage_dealt_resisted":2,"minecraft:leave_game":3,"minecraft:time_since_death":12788,"minecraft:walk_on_water_one_cm":1472,"minecraft:total_world_time":28290,"minecraft:interact_with_smoker":1,"minecraft:climb_one_cm":1927,"minecraft:fall_one_cm":12090}},"DataVersion":3465}