{"stats":{"minecraft:picked_up":{"born_in_chaos_v1:corpse_maggot":3,"minecraft:rotten_flesh":12,"minecraft:sweet_berries":13},"minecraft:used":{"minecraft:rotten_flesh":2},"minecraft:mined":{"antlers:sheep_corpse":1,"minecraft:sweet_berry_bush":5,"antlers:bloody_cow":2,"antlers:bloody_fox":1,"minecraft:fern":1},"minecraft:killed":{"born_in_chaos_v1:corpse_fly":2},"minecraft:custom":{"minecraft:time_since_rest":2328,"minecraft:open_chest":1,"minecraft:crouch_one_cm":67,"minecraft:sprint_one_cm":17844,"minecraft:play_time":5675,"minecraft:walk_one_cm":21663,"minecraft:damage_taken":350,"minecraft:deaths":1,"minecraft:sneak_time":12,"minecraft:walk_under_water_one_cm":499,"minecraft:mob_kills":2,"minecraft:damage_dealt_resisted":2,"minecraft:jump":111,"minecraft:damage_dealt":235,"minecraft:leave_game":1,"minecraft:time_since_death":2303,"minecraft:walk_on_water_one_cm":705,"minecraft:total_world_time":5675,"minecraft:swim_one_cm":2493,"minecraft:fall_one_cm":3729,"minecraft:fly_one_cm":21014}},"DataVersion":3465}