{"stats":{"minecraft:picked_up":{"minecraft:crafting_table":3,"born_in_chaos_v1:river_mint":1,"born_in_chaos_v1:seedof_chaos":4,"minecraft:wither_rose":6,"minecraft:diamond_horse_armor":1,"minecraft:string":1,"minecraft:red_bed":2,"minecraft:cobbled_deepslate":1,"minecraft:spruce_planks":73,"minecraft:beef":1,"born_in_chaos_v1:gnawed_bones":2,"biomesoplenty:sprout":2,"minecraft:iron_pickaxe":1,"minecraft:sugar_cane":47,"minecraft:chest":1,"minecraft:iron_boots":1,"minecraft:raw_iron":14,"minecraft:stick":5,"born_in_chaos_v1:shattered_skull":1,"minecraft:copper_ingot":2,"minecraft:oak_fence":1,"minecraft:torch":3,"minecraft:spruce_fence":1,"minecraft:porkchop":14,"born_in_chaos_v1:pieceofdarkmetal":14,"minecraft:rotten_flesh":17,"minecraft:arrow":6,"minecraft:hay_block":15,"minecraft:gold_ingot":3,"minecraft:cobblestone":23,"minecraft:mutton":9,"minecraft:white_wool":5,"minecraft:magma_block":1,"minecraft:mossy_cobblestone_slab":1,"born_in_chaos_v1:monster_flesh":1,"born_in_chaos_v1:spiritual_dust":6,"minecraft:leather":1,"minecraft:smoker":2,"minecraft:stripped_spruce_wood":1,"minecraft:oak_log":5,"minecraft:dirt":22,"antlers:tomahawkitem":7,"born_in_chaos_v1:monster_skin":2,"minecraft:bone":10,"minecraft:apple":1,"minecraft:wheat_seeds":1,"arphex:burning_glands":1,"minecraft:glowstone_dust":6,"minecraft:oak_planks":1,"minecraft:book":281,"born_in_chaos_v1:death_totem":2,"minecraft:cooked_porkchop":2,"minecraft:sweet_berries":98,"born_in_chaos_v1:orbofthe_summoner":1,"minecraft:stone_brick_slab":3,"minecraft:stripped_spruce_log":5,"minecraft:spruce_sapling":5,"minecraft:spruce_log":50,"minecraft:barrel":1,"minecraft:mossy_stone_brick_slab":4,"born_in_chaos_v1:fire_dust":1,"minecraft:diamond":1,"minecraft:bread":8,"minecraft:dark_oak_fence":2,"minecraft:damaged_anvil":2,"minecraft:oak_leaves":104,"minecraft:coal":33},"minecraft:dropped":{"minecraft:iron_ingot":3,"minecraft:bread":13,"minecraft:porkchop":2,"born_in_chaos_v1:shattered_skull":1,"minecraft:wheat_seeds":1,"minecraft:oak_log":1,"minecraft:cooked_porkchop":4,"minecraft:iron_helmet":1,"minecraft:apple":1,"born_in_chaos_v1:pieceofdarkmetal":6,"minecraft:coal":5,"minecraft:emerald":2,"born_in_chaos_v1:monster_flesh":1,"minecraft:diamond_horse_armor":2,"minecraft:dirt":3,"born_in_chaos_v1:gnawed_bones":1,"minecraft:mossy_cobblestone_slab":1,"minecraft:golden_carrot":6,"minecraft:torch":3,"minecraft:mutton":4,"minecraft:iron_leggings":2,"minecraft:iron_pickaxe":2,"born_in_chaos_v1:death_totem":1,"minecraft:string":1,"minecraft:bone":4,"minecraft:stone_brick_slab":3,"minecraft:gold_ingot":1,"minecraft:sweet_berries":81,"born_in_chaos_v1:fire_dust":4,"minecraft:obsidian":4,"minecraft:rotten_flesh":12,"minecraft:iron_boots":3,"minecraft:smoker":2,"minecraft:mossy_stone_brick_slab":4,"minecraft:glowstone_dust":6,"born_in_chaos_v1:spiritual_dust":6,"biomesoplenty:sprout":2,"minecraft:diamond_sword":1,"born_in_chaos_v1:seedof_chaos":4,"minecraft:gunpowder":2,"minecraft:skeleton_skull":1,"minecraft:iron_chestplate":1,"minecraft:arrow":4,"minecraft:beef":3,"minecraft:magma_block":1,"minecraft:oak_leaves":1},"minecraft:used":{"minecraft:oak_fence":1,"minecraft:chest":1,"minecraft:spruce_planks":270,"minecraft:iron_sword":116,"minecraft:torch":28,"minecraft:dirt":19,"minecraft:spruce_fence":1,"minecraft:iron_axe":374,"minecraft:iron_helmet":1,"minecraft:barrel":1,"minecraft:magma_block":2,"minecraft:golden_carrot":7,"minecraft:hay_block":1,"minecraft:sweet_berries":19,"minecraft:cobbled_deepslate":1,"minecraft:iron_leggings":1,"minecraft:water_bucket":13,"minecraft:oak_planks":1,"minecraft:oak_leaves":91,"minecraft:white_wool":5,"minecraft:crafting_table":5,"minecraft:red_bed":2,"minecraft:shears":114,"minecraft:smoker":1,"minecraft:apple":5,"minecraft:bread":24,"minecraft:iron_pickaxe":134,"minecraft:spruce_sapling":2,"minecraft:diamond_sword":1,"minecraft:cobblestone":7,"born_in_chaos_v1:river_mint":1,"minecraft:cooked_porkchop":29,"minecraft:bucket":14,"minecraft:wither_rose":4,"minecraft:cobweb":6},"minecraft:mined":{"minecraft:spruce_planks":90,"minecraft:mossy_stone_brick_slab":5,"minecraft:ladder":4,"minecraft:dark_oak_fence":4,"born_in_chaos_v1:dark_metal_deposit":7,"minecraft:grass_block":11,"minecraft:spruce_fence":1,"minecraft:jungle_planks":1,"minecraft:polished_andesite_slab":1,"minecraft:spruce_leaves":20,"minecraft:spawner":2,"minecraft:hay_block":15,"minecraft:magma_block":2,"minecraft:mossy_cobblestone_slab":1,"minecraft:glowstone":3,"minecraft:iron_ore":14,"minecraft:barrel":1,"minecraft:stripped_spruce_log":6,"minecraft:bookshelf":95,"minecraft:cobblestone_slab":2,"minecraft:stone":22,"minecraft:white_wool":2,"minecraft:scaffolding":2,"minecraft:red_bed":2,"minecraft:smoker":1,"minecraft:stone_brick_slab":8,"minecraft:oak_fence":1,"minecraft:crafting_table":4,"minecraft:white_stained_glass_pane":4,"minecraft:cobblestone":1,"born_in_chaos_v1:chipped_black_argillite_brick":1,"biomesoplenty:sprout":1,"minecraft:sugar_cane":22,"minecraft:oak_planks":1,"minecraft:damaged_anvil":2,"minecraft:wall_torch":1,"minecraft:stripped_spruce_wood":1,"minecraft:sweet_berry_bush":19,"minecraft:lilac":3,"minecraft:spruce_log":51,"born_in_chaos_v1:river_mint":1,"antlers:bloody_pig":2,"minecraft:wither_rose":6,"minecraft:grass":7,"minecraft:oak_log":4,"minecraft:coal_ore":18,"minecraft:dirt":2,"minecraft:cobweb":1,"antlers:bloody_cow":1,"minecraft:oak_leaves":114,"minecraft:deepslate":1,"minecraft:fern":3},"minecraft:crafted":{"minecraft:furnace":2,"minecraft:cooked_mutton":6,"born_in_chaos_v1:pieceofdarkmetal":9,"minecraft:iron_axe":2,"minecraft:smoker":1,"minecraft:cooked_porkchop":14,"minecraft:crafting_table":3,"minecraft:spruce_planks":216,"minecraft:iron_helmet":1,"minecraft:bucket":1,"minecraft:bone":6,"minecraft:air":0,"minecraft:stick":12,"minecraft:iron_pickaxe":1,"minecraft:torch":56,"minecraft:shears":1},"minecraft:killed_by":{"minecraft:player":7,"minecraft:spider":1,"man:managgresive":1,"minecraft:skeleton":1,"antlers:wendigo":2,"antlers:wendigomad":1,"minecraft:vex":2},"minecraft:killed":{"minecraft:vex":2,"minecraft:spider":5,"born_in_chaos_v1:baby_skeleton_minion":7,"minecraft:skeleton":5,"born_in_chaos_v1:corpse_fish":1,"arphex:ant_arsonist":1,"antlers:wendigo":1,"born_in_chaos_v1:supreme_bonescaller_stage_2":1,"undead_revamp2:thespitter":1,"born_in_chaos_v1:fallen_chaos_knight":1,"minecraft:pig":6,"born_in_chaos_v1:bone_imp_minion":10,"born_in_chaos_v1:baby_skeleton":1,"undead_revamp2:the_moonflower":1,"bwrtherain:spider_skull":8,"minecraft:sheep":3,"antlers:wendigomad":1,"minecraft:zombie":1,"born_in_chaos_v1:dread_hound":3,"born_in_chaos_v1:bonescaller_not_despawn":2,"apollyon:the_damned":2,"minecraft:cow":1},"minecraft:broken":{"minecraft:iron_axe":1,"minecraft:iron_helmet":1},"minecraft:custom":{"lootr:looted_stat":32,"minecraft:mob_kills":64,"minecraft:interact_with_crafting_table":17,"minecraft:open_barrel":30,"minecraft:damage_dealt_resisted":1538,"minecraft:leave_game":5,"minecraft:time_since_death":15632,"minecraft:climb_one_cm":8577,"minecraft:sprint_one_cm":467900,"minecraft:walk_one_cm":332146,"minecraft:drop":98,"minecraft:talked_to_villager":1,"minecraft:play_time":152088,"minecraft:deaths":19,"minecraft:sneak_time":13775,"minecraft:walk_under_water_one_cm":25095,"minecraft:interact_with_brewingstand":1,"minecraft:jump":3550,"minecraft:walk_on_water_one_cm":30105,"minecraft:total_world_time":152088,"minecraft:sleep_in_bed":4,"minecraft:time_since_rest":330,"minecraft:damage_taken":9600,"minecraft:damage_dealt":17020,"minecraft:swim_one_cm":22287,"minecraft:fly_one_cm":563333,"minecraft:player_kills":7,"minecraft:open_chest":19,"minecraft:crouch_one_cm":39481,"minecraft:interact_with_smoker":11,"minecraft:fall_one_cm":97643}},"DataVersion":3465}