{"stats":{"minecraft:picked_up":{"minecraft:crafting_table":2,"born_in_chaos_v1:river_mint":1,"minecraft:wither_rose":6,"minecraft:red_bed":2,"minecraft:cobbled_deepslate":1,"minecraft:spruce_planks":72,"minecraft:beef":1,"minecraft:iron_pickaxe":1,"minecraft:sugar_cane":47,"minecraft:chest":1,"minecraft:iron_boots":1,"minecraft:raw_iron":14,"minecraft:stick":5,"minecraft:torch":1,"minecraft:spruce_fence":1,"minecraft:porkchop":14,"minecraft:rotten_flesh":11,"minecraft:arrow":2,"minecraft:hay_block":15,"minecraft:gold_ingot":3,"minecraft:cobblestone":22,"minecraft:mutton":9,"minecraft:white_wool":5,"minecraft:magma_block":1,"minecraft:mossy_cobblestone_slab":1,"minecraft:leather":1,"minecraft:smoker":1,"minecraft:stripped_spruce_wood":1,"minecraft:oak_log":5,"minecraft:dirt":22,"antlers:tomahawkitem":7,"minecraft:bone":1,"minecraft:wheat_seeds":1,"arphex:burning_glands":1,"minecraft:glowstone_dust":6,"minecraft:oak_planks":1,"minecraft:cooked_porkchop":2,"minecraft:sweet_berries":42,"minecraft:stone_brick_slab":3,"minecraft:stripped_spruce_log":5,"minecraft:spruce_sapling":5,"minecraft:spruce_log":45,"minecraft:mossy_stone_brick_slab":4,"minecraft:barrel":1,"minecraft:diamond":1,"minecraft:bread":7,"minecraft:damaged_anvil":2,"minecraft:coal":33},"minecraft:dropped":{"minecraft:iron_ingot":3,"minecraft:bread":13,"minecraft:wheat_seeds":1,"minecraft:oak_log":1,"minecraft:cooked_porkchop":4,"minecraft:iron_helmet":1,"minecraft:emerald":2,"minecraft:dirt":3,"minecraft:mossy_cobblestone_slab":1,"minecraft:golden_carrot":6,"minecraft:torch":1,"minecraft:iron_leggings":2,"minecraft:iron_pickaxe":2,"minecraft:stone_brick_slab":3,"minecraft:bone":1,"minecraft:gold_ingot":1,"born_in_chaos_v1:fire_dust":3,"minecraft:rotten_flesh":6,"minecraft:iron_boots":3,"minecraft:glowstone_dust":6,"minecraft:mossy_stone_brick_slab":4,"minecraft:diamond_sword":1,"minecraft:skeleton_skull":1,"minecraft:iron_chestplate":1,"minecraft:arrow":2,"minecraft:magma_block":1},"minecraft:used":{"minecraft:spruce_planks":229,"minecraft:chest":1,"minecraft:iron_sword":27,"minecraft:dirt":19,"minecraft:spruce_fence":1,"minecraft:iron_axe":251,"minecraft:barrel":1,"minecraft:golden_carrot":7,"minecraft:magma_block":2,"minecraft:sweet_berries":19,"minecraft:cobbled_deepslate":1,"minecraft:iron_leggings":1,"minecraft:water_bucket":13,"minecraft:oak_planks":1,"minecraft:white_wool":2,"minecraft:crafting_table":4,"minecraft:red_bed":2,"minecraft:smoker":1,"minecraft:apple":5,"minecraft:bread":22,"minecraft:iron_pickaxe":122,"minecraft:spruce_sapling":2,"minecraft:diamond_sword":1,"minecraft:cobblestone":4,"born_in_chaos_v1:river_mint":1,"minecraft:cooked_porkchop":17,"minecraft:bucket":14,"minecraft:wither_rose":4,"minecraft:cobweb":6},"minecraft:mined":{"minecraft:spruce_planks":89,"minecraft:mossy_stone_brick_slab":5,"minecraft:ladder":4,"minecraft:grass_block":11,"minecraft:spruce_fence":1,"minecraft:jungle_planks":1,"minecraft:polished_andesite_slab":1,"minecraft:spruce_leaves":20,"minecraft:hay_block":15,"minecraft:magma_block":2,"minecraft:mossy_cobblestone_slab":1,"minecraft:glowstone":3,"minecraft:iron_ore":14,"minecraft:barrel":1,"minecraft:stripped_spruce_log":6,"minecraft:cobblestone_slab":2,"minecraft:stone":22,"minecraft:white_wool":2,"minecraft:scaffolding":2,"minecraft:red_bed":2,"minecraft:smoker":1,"minecraft:stone_brick_slab":8,"minecraft:crafting_table":3,"minecraft:white_stained_glass_pane":4,"born_in_chaos_v1:chipped_black_argillite_brick":1,"minecraft:sugar_cane":22,"minecraft:oak_planks":1,"minecraft:damaged_anvil":2,"minecraft:wall_torch":1,"minecraft:stripped_spruce_wood":1,"minecraft:sweet_berry_bush":17,"minecraft:spruce_log":46,"born_in_chaos_v1:river_mint":1,"antlers:bloody_pig":2,"minecraft:wither_rose":6,"minecraft:grass":4,"minecraft:coal_ore":18,"minecraft:oak_log":4,"minecraft:dirt":2,"antlers:bloody_cow":1,"minecraft:deepslate":1,"minecraft:fern":3},"minecraft:crafted":{"minecraft:furnace":2,"minecraft:cooked_mutton":6,"minecraft:iron_axe":2,"minecraft:smoker":1,"minecraft:cooked_porkchop":14,"minecraft:crafting_table":2,"minecraft:spruce_planks":188,"minecraft:bucket":1,"minecraft:air":0,"minecraft:stick":4,"minecraft:iron_pickaxe":1},"minecraft:killed_by":{"minecraft:player":6,"man:managgresive":1,"antlers:wendigo":2,"antlers:wendigomad":1},"minecraft:killed":{"minecraft:skeleton":4,"born_in_chaos_v1:corpse_fish":1,"arphex:ant_arsonist":1,"antlers:wendigo":1,"born_in_chaos_v1:fallen_chaos_knight":1,"minecraft:pig":6,"undead_revamp2:the_moonflower":1,"minecraft:sheep":3,"antlers:wendigomad":1,"apollyon:the_damned":2,"minecraft:cow":1},"minecraft:broken":{"minecraft:iron_axe":1},"minecraft:custom":{"lootr:looted_stat":18,"minecraft:mob_kills":22,"minecraft:interact_with_crafting_table":14,"minecraft:open_barrel":11,"minecraft:damage_dealt_resisted":1,"minecraft:leave_game":4,"minecraft:time_since_death":9876,"minecraft:climb_one_cm":8115,"minecraft:sprint_one_cm":340734,"minecraft:walk_one_cm":233353,"minecraft:drop":60,"minecraft:play_time":111365,"minecraft:deaths":13,"minecraft:sneak_time":9651,"minecraft:walk_under_water_one_cm":25095,"minecraft:jump":2573,"minecraft:walk_on_water_one_cm":30105,"minecraft:total_world_time":111365,"minecraft:sleep_in_bed":2,"minecraft:time_since_rest":9900,"minecraft:damage_taken":6703,"minecraft:damage_dealt":11401,"minecraft:player_kills":6,"minecraft:fly_one_cm":410935,"minecraft:swim_one_cm":22287,"minecraft:open_chest":16,"minecraft:crouch_one_cm":30370,"minecraft:interact_with_smoker":11,"minecraft:fall_one_cm":64673}},"DataVersion":3465}