{"stats":{"minecraft:custom":{"minecraft:time_since_rest":1186,"lootr:looted_stat":6,"minecraft:sprint_one_cm":67682,"minecraft:damage_taken":1162,"minecraft:walk_one_cm":42747,"minecraft:drop":7,"minecraft:damage_dealt":722,"minecraft:swim_one_cm":271,"minecraft:interact_with_crafting_table":4,"minecraft:fly_one_cm":93382,"minecraft:player_kills":2,"minecraft:open_barrel":6,"minecraft:open_chest":2,"minecraft:crouch_one_cm":3325,"minecraft:play_time":16866,"minecraft:deaths":2,"minecraft:sneak_time":1094,"minecraft:walk_under_water_one_cm":856,"minecraft:jump":461,"minecraft:leave_game":1,"minecraft:walk_on_water_one_cm":3276,"minecraft:time_since_death":1163,"minecraft:climb_one_cm":2091,"minecraft:total_world_time":16866,"minecraft:fall_one_cm":13390},"minecraft:killed_by":{"minecraft:player":1},"minecraft:dropped":{"minecraft:diamond_sword":1,"minecraft:wheat_seeds":1,"minecraft:rotten_flesh":6,"minecraft:glowstone_dust":6},"minecraft:used":{"minecraft:apple":5,"minecraft:iron_axe":46,"minecraft:bread":9,"minecraft:iron_pickaxe":1,"minecraft:spruce_planks":38,"minecraft:barrel":1,"minecraft:diamond_sword":1,"minecraft:crafting_table":2,"minecraft:cobbled_deepslate":1},"minecraft:crafted":{"minecraft:iron_axe":1,"minecraft:crafting_table":1,"minecraft:spruce_planks":64,"minecraft:stick":4,"minecraft:iron_pickaxe":1},"minecraft:mined":{"minecraft:spruce_planks":21,"minecraft:glowstone":2,"minecraft:barrel":1,"minecraft:spruce_log":16,"minecraft:stripped_spruce_log":1,"antlers:bloody_pig":2,"minecraft:crafting_table":2,"minecraft:white_stained_glass_pane":4,"minecraft:spruce_leaves":3,"minecraft:sugar_cane":3,"minecraft:deepslate":1,"minecraft:fern":2},"minecraft:picked_up":{"minecraft:stick":5,"minecraft:crafting_table":2,"minecraft:spruce_sapling":1,"minecraft:spruce_log":16,"minecraft:barrel":1,"minecraft:rotten_flesh":6,"minecraft:wheat_seeds":1,"minecraft:cobbled_deepslate":1,"minecraft:spruce_planks":21,"minecraft:glowstone_dust":6,"minecraft:sugar_cane":6}},"DataVersion":3465}