{"stats":{"minecraft:custom":{"minecraft:time_since_rest":6478,"minecraft:open_chest":1,"minecraft:crouch_one_cm":284,"minecraft:play_time":6478,"lootr:looted_stat":6,"minecraft:sprint_one_cm":20320,"minecraft:damage_taken":151,"minecraft:walk_one_cm":15063,"minecraft:sneak_time":55,"minecraft:drop":1,"minecraft:jump":149,"minecraft:damage_dealt":27,"minecraft:time_since_death":6478,"minecraft:total_world_time":6478,"minecraft:climb_one_cm":1575,"minecraft:fly_one_cm":27861,"minecraft:interact_with_crafting_table":1,"minecraft:fall_one_cm":4318,"minecraft:open_barrel":5},"minecraft:dropped":{"minecraft:rotten_flesh":3},"minecraft:used":{"minecraft:barrel":1,"minecraft:spruce_planks":2},"minecraft:picked_up":{"minecraft:rotten_flesh":3,"minecraft:spruce_planks":2,"minecraft:barrel":1},"minecraft:mined":{"minecraft:spruce_planks":2,"minecraft:barrel":1,"antlers:bloody_pig":1}},"DataVersion":3465}