{"stats":{"minecraft:picked_up":{"minecraft:magma_block":1,"minecraft:crafting_table":2,"minecraft:mossy_cobblestone_slab":1,"minecraft:leather":1,"minecraft:wither_rose":6,"minecraft:stripped_spruce_wood":1,"minecraft:dirt":5,"minecraft:red_bed":2,"antlers:tomahawkitem":6,"minecraft:bone":1,"minecraft:wheat_seeds":1,"minecraft:cobbled_deepslate":1,"minecraft:spruce_planks":57,"minecraft:beef":1,"minecraft:iron_pickaxe":1,"minecraft:glowstone_dust":6,"minecraft:sugar_cane":21,"minecraft:stick":5,"minecraft:raw_iron":1,"minecraft:cooked_porkchop":2,"minecraft:sweet_berries":42,"minecraft:stone_brick_slab":3,"minecraft:spruce_fence":1,"minecraft:porkchop":14,"minecraft:stripped_spruce_log":5,"minecraft:spruce_sapling":3,"minecraft:spruce_log":36,"minecraft:mossy_stone_brick_slab":4,"minecraft:barrel":1,"minecraft:arrow":2,"minecraft:rotten_flesh":11,"minecraft:hay_block":15,"minecraft:damaged_anvil":2,"minecraft:mutton":5,"minecraft:coal":4,"minecraft:white_wool":5,"minecraft:cobblestone":2},"minecraft:dropped":{"minecraft:iron_ingot":3,"minecraft:bread":9,"minecraft:wheat_seeds":1,"born_in_chaos_v1:fire_dust":3,"minecraft:cooked_porkchop":4,"minecraft:iron_helmet":1,"minecraft:rotten_flesh":6,"minecraft:iron_boots":1,"minecraft:glowstone_dust":6,"minecraft:emerald":1,"minecraft:diamond_sword":1,"minecraft:dirt":2,"minecraft:mossy_cobblestone_slab":1,"minecraft:golden_carrot":2,"minecraft:skeleton_skull":1,"minecraft:iron_leggings":2,"minecraft:arrow":2,"minecraft:iron_pickaxe":2,"minecraft:magma_block":1,"minecraft:gold_ingot":1,"minecraft:bone":1,"minecraft:stone_brick_slab":3},"minecraft:used":{"minecraft:spruce_planks":206,"minecraft:white_wool":2,"minecraft:dirt":3,"minecraft:crafting_table":2,"minecraft:red_bed":2,"minecraft:spruce_fence":1,"minecraft:apple":5,"minecraft:iron_axe":188,"minecraft:bread":21,"minecraft:iron_pickaxe":74,"minecraft:barrel":1,"minecraft:magma_block":2,"minecraft:diamond_sword":1,"minecraft:golden_carrot":2,"minecraft:cobblestone":2,"minecraft:sweet_berries":19,"minecraft:cooked_porkchop":15,"minecraft:iron_leggings":1,"minecraft:wither_rose":4,"minecraft:cobbled_deepslate":1,"minecraft:cobweb":6},"minecraft:mined":{"minecraft:scaffolding":2,"minecraft:spruce_planks":69,"minecraft:red_bed":2,"minecraft:mossy_stone_brick_slab":5,"minecraft:stone_brick_slab":8,"minecraft:crafting_table":2,"minecraft:ladder":4,"minecraft:grass_block":6,"minecraft:spruce_fence":1,"minecraft:jungle_planks":1,"minecraft:white_stained_glass_pane":4,"minecraft:polished_andesite_slab":1,"born_in_chaos_v1:chipped_black_argillite_brick":1,"minecraft:spruce_leaves":19,"minecraft:damaged_anvil":2,"minecraft:sugar_cane":11,"minecraft:hay_block":15,"minecraft:magma_block":2,"minecraft:mossy_cobblestone_slab":1,"minecraft:glowstone":3,"minecraft:stripped_spruce_wood":1,"minecraft:sweet_berry_bush":17,"minecraft:iron_ore":1,"minecraft:barrel":1,"minecraft:spruce_log":37,"minecraft:stripped_spruce_log":6,"minecraft:wither_rose":6,"antlers:bloody_pig":2,"minecraft:grass":4,"minecraft:coal_ore":4,"minecraft:cobblestone_slab":2,"minecraft:stone":2,"antlers:bloody_cow":1,"minecraft:white_wool":2,"minecraft:deepslate":1,"minecraft:fern":3},"minecraft:crafted":{"minecraft:crafting_table":1,"minecraft:spruce_planks":168,"minecraft:iron_axe":2,"minecraft:stick":4,"minecraft:iron_pickaxe":1},"minecraft:killed_by":{"man:managgresive":1,"minecraft:player":4,"antlers:wendigomad":1},"minecraft:killed":{"minecraft:pig":6,"undead_revamp2:the_moonflower":1,"minecraft:skeleton":4,"minecraft:sheep":3,"antlers:wendigomad":1,"apollyon:the_damned":2,"minecraft:cow":1},"minecraft:broken":{"minecraft:iron_axe":1},"minecraft:custom":{"lootr:looted_stat":14,"minecraft:mob_kills":18,"minecraft:interact_with_crafting_table":10,"minecraft:open_barrel":11,"minecraft:damage_dealt_resisted":1,"minecraft:leave_game":3,"minecraft:time_since_death":18347,"minecraft:sleep_in_bed":1,"minecraft:climb_one_cm":6905,"minecraft:time_since_rest":18374,"minecraft:sprint_one_cm":261547,"minecraft:damage_taken":4477,"minecraft:walk_one_cm":176797,"minecraft:drop":44,"minecraft:damage_dealt":7599,"minecraft:swim_one_cm":18154,"minecraft:fly_one_cm":326570,"minecraft:player_kills":5,"minecraft:open_chest":9,"minecraft:crouch_one_cm":16344,"minecraft:play_time":83948,"minecraft:deaths":7,"minecraft:sneak_time":6069,"minecraft:walk_under_water_one_cm":21274,"minecraft:jump":1946,"minecraft:walk_on_water_one_cm":26556,"minecraft:interact_with_smoker":3,"minecraft:total_world_time":83948,"minecraft:fall_one_cm":49816}},"DataVersion":3465}