{"stats":{"minecraft:picked_up":{"minecraft:crafting_table":2,"minecraft:mossy_cobblestone_slab":1,"minecraft:leather":1,"minecraft:wither_rose":4,"minecraft:stripped_spruce_wood":1,"minecraft:dirt":2,"minecraft:red_bed":2,"antlers:tomahawkitem":6,"minecraft:bone":1,"minecraft:wheat_seeds":1,"minecraft:cobbled_deepslate":1,"minecraft:spruce_planks":42,"minecraft:beef":1,"minecraft:glowstone_dust":6,"minecraft:sugar_cane":18,"minecraft:stick":5,"minecraft:raw_iron":1,"minecraft:sweet_berries":42,"minecraft:stone_brick_slab":3,"minecraft:spruce_fence":1,"minecraft:porkchop":14,"minecraft:stripped_spruce_log":5,"minecraft:spruce_sapling":3,"minecraft:spruce_log":36,"minecraft:mossy_stone_brick_slab":4,"minecraft:barrel":1,"minecraft:arrow":2,"minecraft:rotten_flesh":11,"minecraft:hay_block":15,"minecraft:mutton":5,"minecraft:coal":4,"minecraft:white_wool":5,"minecraft:cobblestone":2},"minecraft:dropped":{"minecraft:bread":2,"minecraft:wheat_seeds":1,"minecraft:rotten_flesh":6,"minecraft:glowstone_dust":6,"minecraft:diamond_sword":1,"minecraft:dirt":2,"minecraft:mossy_cobblestone_slab":1,"minecraft:arrow":2,"minecraft:bone":1,"minecraft:stone_brick_slab":3},"minecraft:used":{"minecraft:spruce_planks":174,"minecraft:white_wool":2,"minecraft:crafting_table":2,"minecraft:red_bed":2,"minecraft:spruce_fence":1,"minecraft:apple":5,"minecraft:iron_axe":141,"minecraft:bread":17,"minecraft:iron_pickaxe":31,"minecraft:barrel":1,"minecraft:diamond_sword":1,"minecraft:golden_carrot":1,"minecraft:cobblestone":2,"minecraft:sweet_berries":19,"minecraft:cooked_porkchop":4,"minecraft:wither_rose":1,"minecraft:cobbled_deepslate":1,"minecraft:cobweb":2},"minecraft:mined":{"minecraft:scaffolding":1,"minecraft:spruce_planks":40,"minecraft:red_bed":2,"minecraft:mossy_stone_brick_slab":5,"minecraft:stone_brick_slab":8,"minecraft:crafting_table":2,"minecraft:ladder":4,"minecraft:grass_block":3,"minecraft:spruce_fence":1,"minecraft:white_stained_glass_pane":4,"born_in_chaos_v1:chipped_black_argillite_brick":1,"minecraft:spruce_leaves":17,"minecraft:sugar_cane":9,"minecraft:hay_block":15,"minecraft:mossy_cobblestone_slab":1,"minecraft:glowstone":2,"minecraft:stripped_spruce_wood":1,"minecraft:sweet_berry_bush":17,"minecraft:iron_ore":1,"minecraft:barrel":1,"minecraft:spruce_log":37,"minecraft:stripped_spruce_log":6,"minecraft:wither_rose":4,"antlers:bloody_pig":2,"minecraft:grass":4,"minecraft:coal_ore":4,"minecraft:cobblestone_slab":2,"minecraft:stone":2,"antlers:bloody_cow":1,"minecraft:white_wool":2,"minecraft:deepslate":1,"minecraft:fern":3},"minecraft:crafted":{"minecraft:crafting_table":1,"minecraft:spruce_planks":168,"minecraft:iron_axe":1,"minecraft:stick":4,"minecraft:iron_pickaxe":1},"minecraft:killed_by":{"man:managgresive":1,"minecraft:player":2,"antlers:wendigomad":1},"minecraft:killed":{"minecraft:pig":6,"undead_revamp2:the_moonflower":1,"minecraft:skeleton":4,"minecraft:sheep":3,"antlers:wendigomad":1,"minecraft:cow":1},"minecraft:custom":{"lootr:looted_stat":14,"minecraft:mob_kills":16,"minecraft:interact_with_crafting_table":4,"minecraft:open_barrel":10,"minecraft:damage_dealt_resisted":1,"minecraft:leave_game":3,"minecraft:time_since_death":12815,"minecraft:sleep_in_bed":1,"minecraft:climb_one_cm":5928,"minecraft:time_since_rest":12839,"minecraft:sprint_one_cm":190298,"minecraft:damage_taken":2869,"minecraft:walk_one_cm":112794,"minecraft:drop":17,"minecraft:damage_dealt":5225,"minecraft:swim_one_cm":10074,"minecraft:fly_one_cm":256296,"minecraft:player_kills":3,"minecraft:open_chest":4,"minecraft:crouch_one_cm":12643,"minecraft:play_time":59948,"minecraft:deaths":5,"minecraft:sneak_time":4344,"minecraft:walk_under_water_one_cm":7687,"minecraft:jump":1532,"minecraft:walk_on_water_one_cm":12945,"minecraft:interact_with_smoker":1,"minecraft:total_world_time":59948,"minecraft:fall_one_cm":39433}},"DataVersion":3465}