{"stats":{"minecraft:picked_up":{"minecraft:crafting_table":2,"minecraft:red_bed":2,"antlers:tomahawkitem":1,"minecraft:wheat_seeds":1,"minecraft:cobbled_deepslate":1,"minecraft:spruce_planks":32,"minecraft:glowstone_dust":6,"minecraft:sugar_cane":18,"minecraft:stick":5,"minecraft:raw_iron":1,"minecraft:sweet_berries":42,"minecraft:porkchop":14,"minecraft:spruce_sapling":3,"minecraft:spruce_log":36,"minecraft:barrel":1,"minecraft:rotten_flesh":11,"minecraft:hay_block":15,"minecraft:mutton":5,"minecraft:coal":4,"minecraft:white_wool":5,"minecraft:cobblestone":2},"minecraft:dropped":{"minecraft:bread":2,"minecraft:wheat_seeds":1,"minecraft:rotten_flesh":6,"minecraft:glowstone_dust":6,"minecraft:diamond_sword":1},"minecraft:used":{"minecraft:spruce_planks":111,"minecraft:white_wool":2,"minecraft:crafting_table":2,"minecraft:red_bed":2,"minecraft:apple":5,"minecraft:iron_axe":92,"minecraft:bread":13,"minecraft:iron_pickaxe":10,"minecraft:barrel":1,"minecraft:diamond_sword":1,"minecraft:cobblestone":2,"minecraft:sweet_berries":19,"minecraft:cooked_porkchop":2,"minecraft:cobbled_deepslate":1},"minecraft:mined":{"minecraft:scaffolding":1,"minecraft:spruce_planks":30,"minecraft:red_bed":2,"minecraft:crafting_table":2,"minecraft:ladder":4,"minecraft:white_stained_glass_pane":4,"minecraft:spruce_leaves":13,"minecraft:sugar_cane":9,"minecraft:hay_block":15,"minecraft:glowstone":2,"minecraft:sweet_berry_bush":17,"minecraft:iron_ore":1,"minecraft:barrel":1,"minecraft:spruce_log":37,"minecraft:stripped_spruce_log":1,"antlers:bloody_pig":2,"minecraft:coal_ore":4,"minecraft:stone":2,"antlers:bloody_cow":1,"minecraft:white_wool":2,"minecraft:deepslate":1,"minecraft:fern":3},"minecraft:crafted":{"minecraft:crafting_table":1,"minecraft:spruce_planks":144,"minecraft:iron_axe":1,"minecraft:stick":4,"minecraft:iron_pickaxe":1},"minecraft:killed_by":{"man:managgresive":1,"minecraft:player":2,"antlers:wendigomad":1},"minecraft:killed":{"minecraft:pig":6,"undead_revamp2:the_moonflower":1,"minecraft:sheep":3},"minecraft:custom":{"lootr:looted_stat":13,"minecraft:mob_kills":10,"minecraft:interact_with_crafting_table":4,"minecraft:open_barrel":10,"minecraft:damage_dealt_resisted":1,"minecraft:leave_game":3,"minecraft:time_since_death":815,"minecraft:sleep_in_bed":1,"minecraft:climb_one_cm":5928,"minecraft:time_since_rest":839,"minecraft:sprint_one_cm":157237,"minecraft:damage_taken":2346,"minecraft:walk_one_cm":88370,"minecraft:drop":9,"minecraft:damage_dealt":1904,"minecraft:swim_one_cm":2593,"minecraft:fly_one_cm":211587,"minecraft:player_kills":3,"minecraft:open_chest":4,"minecraft:crouch_one_cm":8241,"minecraft:play_time":47948,"minecraft:deaths":5,"minecraft:sneak_time":2643,"minecraft:walk_under_water_one_cm":4889,"minecraft:jump":1210,"minecraft:walk_on_water_one_cm":7666,"minecraft:interact_with_smoker":1,"minecraft:total_world_time":47948,"minecraft:fall_one_cm":32452}},"DataVersion":3465}