{"stats":{"minecraft:picked_up":{"minecraft:mossy_cobblestone_slab":1,"born_in_chaos_v1:corpse_maggot":1,"minecraft:coarse_dirt":1,"minecraft:crafting_table":3,"minecraft:ladder":8,"born_in_chaos_v1:seedof_chaos":2,"minecraft:leather":6,"minecraft:tuff":1,"minecraft:nether_wart_block":2,"minecraft:stripped_spruce_wood":1,"antlers:tomahawkitem":9,"minecraft:pink_candle":1,"minecraft:string":29,"minecraft:dirt":14,"minecraft:bone":3,"minecraft:stone_bricks":1,"graveyard:corruption":4,"minecraft:cracked_stone_bricks":1,"minecraft:wheat_seeds":8,"minecraft:candle":3,"minecraft:spruce_planks":37,"minecraft:beef":16,"minecraft:cyan_candle":2,"minecraft:moss_block":7,"minecraft:spruce_trapdoor":2,"graveyard:green_urn":1,"minecraft:stick":4,"minecraft:sweet_berries":13,"minecraft:copper_ingot":8,"minecraft:torch":1,"minecraft:spruce_fence":1,"sophisticatedbackpacks:backpack":1,"minecraft:gravel":3,"minecraft:stripped_spruce_log":4,"minecraft:spruce_sapling":3,"minecraft:carrot":1,"minecraft:spruce_log":88,"minecraft:spectral_arrow":5,"minecraft:spruce_door":1,"minecraft:rotten_flesh":26,"minecraft:hay_block":26,"born_in_chaos_v1:spiny_shell":2,"minecraft:mangrove_roots":2,"minecraft:bread":2,"minecraft:rooted_dirt":2,"minecraft:iron_bars":7,"minecraft:cobblestone":30,"minecraft:mutton":4,"minecraft:white_wool":1},"minecraft:dropped":{"minecraft:rooted_dirt":1,"sophisticatedbackpacks:backpack":1,"graveyard:green_urn":1,"minecraft:stick":1,"minecraft:iron_pickaxe":1,"minecraft:string":7},"minecraft:used":{"minecraft:wheat_seeds":1,"minecraft:moss_block":1,"minecraft:ladder":7,"minecraft:chest":3,"minecraft:spruce_planks":160,"minecraft:shield":99,"minecraft:iron_sword":44,"minecraft:dirt":10,"minecraft:crafting_table":4,"minecraft:spruce_log":3,"sophisticatedbackpacks:backpack":1,"minecraft:apple":3,"minecraft:diamond_shovel":150,"minecraft:iron_axe":150,"minecraft:bread":35,"minecraft:iron_pickaxe":54,"minecraft:gravel":3,"minecraft:nether_wart_block":2,"minecraft:diamond_sword":168,"minecraft:bow":9,"minecraft:hay_block":1,"minecraft:candle":3,"minecraft:iron_leggings":1},"minecraft:mined":{"minecraft:red_carpet":2,"minecraft:spruce_planks":37,"graveyard:tg_coarse_dirt":2,"minecraft:mossy_cobblestone":1,"minecraft:candle":1,"graveyard:green_urn":1,"minecraft:spruce_door":1,"antlers:bloody_fox":1,"minecraft:mangrove_roots":2,"minecraft:crafting_table":3,"minecraft:spruce_trapdoor":4,"minecraft:ladder":4,"graveyard:tg_rooted_dirt":6,"minecraft:grass_block":6,"minecraft:white_stained_glass_pane":2,"minecraft:tall_grass":9,"graveyard:tg_grass_block":9,"graveyard:skeleton_hand":1,"minecraft:spruce_leaves":50,"graveyard:lying_skeleton":1,"minecraft:wall_torch":1,"minecraft:spawner":1,"minecraft:large_fern":21,"minecraft:hay_block":26,"graveyard:skull_with_rib_cage":1,"minecraft:mossy_cobblestone_slab":1,"minecraft:nether_wart_block":2,"minecraft:stripped_spruce_wood":1,"graveyard:tg_moss_block":62,"minecraft:sweet_berry_bush":7,"minecraft:spruce_log":87,"minecraft:stripped_spruce_log":4,"graveyard:tg_tuff":5,"antlers:bloody_pig":1,"minecraft:grass":11,"minecraft:iron_bars":8,"minecraft:gravel":3,"minecraft:dirt":45,"minecraft:cobweb":29,"minecraft:cracked_stone_bricks":3,"minecraft:stone_bricks":1,"minecraft:stone":29,"minecraft:tripwire":1,"minecraft:fern":6},"minecraft:killed_by":{"apollyon:the_damned":3,"undead_revamp2:therod":1,"born_in_chaos_v1:nightmare_stalker":3,"graveyard:ghoul":2,"undead_revamp2:thesmoker":1,"graveyard:acolyte":3,"arphex:teleport_ghost":1},"minecraft:crafted":{"minecraft:diamond_sword":1,"sophisticatedbackpacks:backpack":1,"minecraft:crafting_table":3,"minecraft:spruce_planks":348,"minecraft:diamond_shovel":1,"minecraft:bread":22,"minecraft:bow":1,"minecraft:shield":2,"minecraft:iron_axe":1,"minecraft:stick":4,"minecraft:chest":4,"minecraft:iron_leggings":1,"minecraft:wheat":90},"minecraft:killed":{"graveyard:ghoul":14,"undead_revamp2:thesmoker":1,"born_in_chaos_v1:thornshell_crab":1,"born_in_chaos_v1:baby_skeleton_minion":23,"born_in_chaos_v1:maggot":1,"minecraft:sheep":1,"born_in_chaos_v1:bonescaller_not_despawn":1,"undead_revamp2:therod":3,"endofherobrine:sheep":6,"undead_revamp2:sucker":2,"minecraft:cow":6},"minecraft:broken":{"minecraft:shield":1,"minecraft:iron_helmet":1},"minecraft:custom":{"minecraft:interact_with_furnace":2,"lootr:looted_stat":14,"minecraft:mob_kills":62,"minecraft:interact_with_crafting_table":23,"minecraft:open_barrel":11,"minecraft:damage_dealt_resisted":1081,"minecraft:time_since_death":4000,"minecraft:sleep_in_bed":9,"minecraft:climb_one_cm":29451,"minecraft:time_since_rest":502,"minecraft:sprint_one_cm":380050,"minecraft:damage_taken":5396,"minecraft:walk_one_cm":373859,"minecraft:damage_blocked_by_shield":3230,"minecraft:drop":12,"minecraft:damage_dealt":6201,"minecraft:swim_one_cm":14188,"minecraft:fly_one_cm":225142,"minecraft:open_chest":26,"minecraft:crouch_one_cm":753,"minecraft:play_time":119790,"minecraft:deaths":14,"minecraft:sneak_time":1059,"minecraft:walk_under_water_one_cm":1572,"minecraft:jump":1213,"minecraft:walk_on_water_one_cm":20973,"minecraft:total_world_time":119790,"minecraft:fall_one_cm":23742}},"DataVersion":3465}