{"stats":{"minecraft:picked_up":{"minecraft:crafting_table":3,"minecraft:coarse_dirt":1,"minecraft:ladder":8,"born_in_chaos_v1:seedof_chaos":2,"minecraft:leather_leggings":2,"minecraft:diamond_sword":1,"minecraft:stone_brick_wall":2,"minecraft:red_bed":7,"minecraft:pink_candle":1,"minecraft:string":30,"graveyard:corruption":8,"minecraft:cracked_stone_bricks":1,"minecraft:candle":6,"minecraft:spruce_planks":65,"minecraft:beef":16,"minecraft:birch_sapling":2,"minecraft:spruce_trapdoor":2,"minecraft:stick":26,"minecraft:copper_ingot":8,"minecraft:torch":2,"minecraft:spruce_fence":1,"sophisticatedbackpacks:backpack":1,"minecraft:carrot":1,"minecraft:rotten_flesh":33,"minecraft:peony":1,"minecraft:hay_block":56,"minecraft:mangrove_roots":2,"born_in_chaos_v1:spiny_shell":2,"minecraft:cobblestone":30,"minecraft:mutton":4,"undead_revamp2:arapholia":1,"minecraft:iron_bars":14,"minecraft:bone_block":4,"minecraft:white_wool":1,"minecraft:birch_log":31,"born_in_chaos_v1:corpse_maggot":1,"minecraft:mossy_cobblestone_slab":1,"minecraft:leather":6,"minecraft:birch_planks":10,"minecraft:oak_log":93,"minecraft:tuff":1,"minecraft:stripped_spruce_wood":1,"minecraft:nether_wart_block":2,"minecraft:cobblestone_wall":3,"minecraft:dirt":498,"antlers:tomahawkitem":9,"minecraft:bone":3,"minecraft:stone_bricks":1,"minecraft:apple":4,"minecraft:wheat_seeds":10,"minecraft:cobweb":44,"minecraft:cyan_candle":2,"minecraft:moss_block":7,"graveyard:green_urn":1,"minecraft:sweet_berries":13,"minecraft:gravel":3,"minecraft:stripped_spruce_log":4,"minecraft:spruce_sapling":7,"minecraft:grass_block":1,"minecraft:spruce_log":252,"minecraft:spectral_arrow":5,"minecraft:spruce_door":1,"minecraft:bone_meal":1,"minecraft:bread":2,"minecraft:rooted_dirt":2,"minecraft:oak_sapling":19,"born_in_chaos_v1:rotten_fish":1,"minecraft:damaged_anvil":1,"minecraft:ender_pearl":1},"minecraft:dropped":{"minecraft:wheat_seeds":1,"minecraft:rooted_dirt":1,"minecraft:apple":19,"graveyard:green_urn":1,"minecraft:grass_block":1,"graveyard:corruption":4,"minecraft:stick":5,"minecraft:cobweb":44,"minecraft:dirt":1,"minecraft:bone_block":4,"minecraft:iron_pickaxe":1,"minecraft:iron_shovel":1,"minecraft:string":7,"minecraft:cobblestone_wall":2,"undead_revamp2:arapholia":1,"minecraft:rotten_flesh":2,"sophisticatedbackpacks:backpack":1,"minecraft:spruce_planks":53,"minecraft:stone_brick_wall":2,"minecraft:leather_leggings":3},"minecraft:used":{"minecraft:moss_block":1,"minecraft:ladder":7,"minecraft:chest":6,"minecraft:spruce_planks":724,"minecraft:shield":99,"minecraft:iron_sword":44,"minecraft:torch":26,"minecraft:dirt":381,"minecraft:iron_axe":150,"minecraft:bow":9,"minecraft:hay_block":1,"minecraft:iron_leggings":1,"minecraft:wheat_seeds":1,"minecraft:damaged_anvil":1,"minecraft:birch_planks":72,"minecraft:ender_pearl":1,"minecraft:diamond_axe":388,"minecraft:crafting_table":5,"minecraft:red_bed":7,"minecraft:spruce_log":3,"minecraft:oak_log":74,"sophisticatedbackpacks:backpack":1,"minecraft:apple":15,"minecraft:diamond_shovel":669,"minecraft:bread":47,"minecraft:iron_pickaxe":68,"minecraft:gravel":3,"minecraft:nether_wart_block":2,"minecraft:diamond_sword":204,"minecraft:candle":6},"minecraft:mined":{"minecraft:red_carpet":2,"minecraft:spruce_planks":67,"graveyard:tg_coarse_dirt":2,"minecraft:mossy_cobblestone":1,"minecraft:candle":2,"antlers:bloody_fox":1,"minecraft:mangrove_roots":2,"minecraft:glow_lichen":2,"minecraft:spruce_trapdoor":4,"minecraft:ladder":4,"minecraft:grass_block":349,"minecraft:stone_brick_wall":1,"minecraft:spruce_leaves":76,"minecraft:spawner":1,"minecraft:large_fern":22,"minecraft:hay_block":56,"minecraft:mossy_cobblestone_slab":1,"graveyard:tg_moss_block":65,"minecraft:stripped_spruce_log":4,"minecraft:peony":1,"minecraft:iron_bars":15,"minecraft:stone":29,"graveyard:wither_skull_pile":1,"minecraft:tripwire":1,"minecraft:hanging_roots":5,"minecraft:red_bed":4,"minecraft:soul_sand":1,"graveyard:green_urn":1,"minecraft:spruce_door":1,"minecraft:crafting_table":3,"minecraft:torch":1,"graveyard:tg_rooted_dirt":8,"minecraft:white_stained_glass_pane":2,"minecraft:tall_grass":9,"graveyard:tg_grass_block":10,"graveyard:skeleton_hand":1,"graveyard:lying_skeleton":1,"minecraft:damaged_anvil":1,"minecraft:wall_torch":1,"minecraft:birch_planks":10,"graveyard:vase_block":1,"graveyard:skull_with_rib_cage":1,"minecraft:stripped_spruce_wood":1,"minecraft:cobblestone_wall":1,"minecraft:nether_wart_block":2,"minecraft:birch_log":31,"minecraft:sweet_berry_bush":7,"minecraft:spruce_log":255,"minecraft:birch_leaves":1,"antlers:bloody_pig":1,"graveyard:tg_tuff":5,"minecraft:grass":22,"minecraft:oak_log":96,"minecraft:gravel":3,"minecraft:dirt":210,"minecraft:cobweb":32,"minecraft:cracked_stone_bricks":3,"minecraft:stone_bricks":1,"minecraft:oak_leaves":16,"minecraft:fern":8},"minecraft:crafted":{"minecraft:diamond_shovel":1,"minecraft:bow":1,"minecraft:iron_axe":1,"minecraft:chest":7,"minecraft:wheat":90,"minecraft:diamond_sword":1,"sophisticatedbackpacks:backpack":1,"minecraft:diamond_axe":1,"minecraft:crafting_table":4,"minecraft:spruce_planks":1016,"minecraft:wooden_pickaxe":1,"minecraft:birch_planks":124,"minecraft:bread":23,"minecraft:air":0,"minecraft:charcoal":17,"minecraft:shield":2,"minecraft:stick":8,"minecraft:iron_leggings":1,"minecraft:torch":56},"minecraft:killed_by":{"minecraft:player":1,"born_in_chaos_v1:nightmare_stalker":3,"graveyard:ghoul":2,"graveyard:acolyte":3,"apollyon:the_damned":3,"undead_revamp2:therod":1,"undead_revamp2:thesmoker":1,"arphex:teleport_ghost":1},"minecraft:killed":{"undead_revamp2:thesmoker":1,"born_in_chaos_v1:thornshell_crab":1,"born_in_chaos_v1:baby_skeleton_minion":23,"born_in_chaos_v1:maggot":1,"undead_revamp2:therod":3,"born_in_chaos_v1:corpse_fish":2,"undead_revamp2:sucker":2,"graveyard:ghoul":14,"minecraft:sheep":1,"born_in_chaos_v1:bonescaller_not_despawn":1,"endofherobrine:sheep":6,"minecraft:cow":6},"minecraft:broken":{"minecraft:iron_boots":1,"minecraft:shield":1,"minecraft:iron_helmet":1},"minecraft:custom":{"lootr:looted_stat":27,"minecraft:interact_with_anvil":2,"minecraft:mob_kills":65,"minecraft:interact_with_crafting_table":35,"minecraft:open_barrel":18,"minecraft:damage_dealt_resisted":1081,"minecraft:leave_game":6,"minecraft:time_since_death":35754,"minecraft:climb_one_cm":46559,"minecraft:sprint_one_cm":751792,"minecraft:walk_one_cm":709021,"minecraft:damage_blocked_by_shield":3230,"minecraft:drop":105,"minecraft:play_time":217724,"minecraft:deaths":17,"minecraft:sneak_time":2379,"minecraft:walk_under_water_one_cm":7104,"minecraft:jump":2202,"minecraft:walk_on_water_one_cm":36380,"minecraft:total_world_time":217724,"minecraft:interact_with_furnace":5,"minecraft:sleep_in_bed":21,"minecraft:time_since_rest":478,"minecraft:damage_taken":106229,"minecraft:damage_dealt":7242,"minecraft:swim_one_cm":78996,"minecraft:fly_one_cm":386866,"minecraft:open_chest":50,"minecraft:crouch_one_cm":6220,"minecraft:fall_one_cm":39065}},"DataVersion":3465}