{"stats":{"minecraft:picked_up":{"born_in_chaos_v1:corpse_maggot":1,"minecraft:crafting_table":3,"minecraft:ladder":8,"minecraft:leather":6,"minecraft:stripped_spruce_wood":1,"minecraft:string":24,"minecraft:dirt":9,"minecraft:wheat_seeds":2,"minecraft:candle":3,"minecraft:spruce_planks":16,"minecraft:beef":16,"minecraft:spruce_trapdoor":2,"minecraft:sweet_berries":8,"minecraft:torch":1,"minecraft:stripped_spruce_log":2,"minecraft:spruce_sapling":2,"minecraft:carrot":1,"minecraft:spruce_log":84,"minecraft:spruce_door":1,"minecraft:rotten_flesh":7,"minecraft:hay_block":24,"born_in_chaos_v1:spiny_shell":2,"minecraft:mangrove_roots":2,"minecraft:cobblestone":2,"minecraft:mutton":2,"minecraft:white_wool":1},"minecraft:dropped":{"minecraft:stick":1,"minecraft:iron_pickaxe":1,"minecraft:string":7},"minecraft:used":{"minecraft:moss_block":1,"minecraft:ladder":7,"minecraft:chest":2,"minecraft:spruce_planks":44,"minecraft:shield":39,"minecraft:iron_sword":44,"minecraft:dirt":7,"minecraft:crafting_table":4,"minecraft:spruce_log":3,"sophisticatedbackpacks:backpack":1,"minecraft:apple":3,"minecraft:diamond_shovel":8,"minecraft:iron_axe":150,"minecraft:bread":11,"minecraft:iron_pickaxe":4,"minecraft:diamond_sword":67,"minecraft:candle":3,"minecraft:iron_leggings":1},"minecraft:mined":{"minecraft:red_carpet":2,"minecraft:spruce_planks":17,"minecraft:candle":1,"minecraft:spruce_door":1,"antlers:bloody_fox":1,"minecraft:mangrove_roots":2,"minecraft:crafting_table":3,"minecraft:spruce_trapdoor":4,"minecraft:ladder":4,"minecraft:grass_block":5,"minecraft:white_stained_glass_pane":2,"minecraft:tall_grass":2,"minecraft:spruce_leaves":7,"minecraft:wall_torch":1,"minecraft:large_fern":3,"minecraft:hay_block":24,"minecraft:stripped_spruce_wood":1,"minecraft:sweet_berry_bush":4,"minecraft:spruce_log":84,"minecraft:stripped_spruce_log":2,"minecraft:grass":1,"minecraft:dirt":4,"minecraft:cobweb":24,"minecraft:stone":4},"minecraft:killed_by":{"apollyon:the_damned":2,"born_in_chaos_v1:nightmare_stalker":3},"minecraft:crafted":{"minecraft:diamond_sword":1,"sophisticatedbackpacks:backpack":1,"minecraft:crafting_table":3,"minecraft:spruce_planks":80,"minecraft:diamond_shovel":1,"minecraft:bread":21,"minecraft:bow":1,"minecraft:shield":2,"minecraft:iron_axe":1,"minecraft:stick":4,"minecraft:chest":3,"minecraft:iron_leggings":1,"minecraft:wheat":81},"minecraft:killed":{"born_in_chaos_v1:thornshell_crab":1,"born_in_chaos_v1:baby_skeleton_minion":19,"born_in_chaos_v1:maggot":1,"minecraft:sheep":1,"minecraft:cow":6},"minecraft:broken":{"minecraft:shield":1},"minecraft:custom":{"minecraft:interact_with_furnace":2,"lootr:looted_stat":14,"minecraft:mob_kills":29,"minecraft:interact_with_crafting_table":21,"minecraft:open_barrel":11,"minecraft:damage_dealt_resisted":936,"minecraft:time_since_death":11523,"minecraft:sleep_in_bed":3,"minecraft:climb_one_cm":19377,"minecraft:time_since_rest":11582,"minecraft:sprint_one_cm":207227,"minecraft:damage_taken":1862,"minecraft:walk_one_cm":186956,"minecraft:damage_blocked_by_shield":2510,"minecraft:drop":9,"minecraft:damage_dealt":3406,"minecraft:swim_one_cm":13444,"minecraft:fly_one_cm":130986,"minecraft:open_chest":4,"minecraft:crouch_one_cm":137,"minecraft:play_time":59790,"minecraft:deaths":5,"minecraft:sneak_time":227,"minecraft:walk_under_water_one_cm":1485,"minecraft:jump":641,"minecraft:walk_on_water_one_cm":13820,"minecraft:total_world_time":59790,"minecraft:fall_one_cm":11092}},"DataVersion":3465}