{"stats":{"minecraft:picked_up":{"minecraft:crafting_table":4,"minecraft:coarse_dirt":3,"minecraft:ladder":9,"born_in_chaos_v1:seedof_chaos":2,"minecraft:leather_leggings":2,"minecraft:diamond_sword":1,"minecraft:oak_stairs":18,"minecraft:stone_brick_wall":2,"minecraft:gold_block":2,"minecraft:wither_rose":2,"minecraft:pink_candle":1,"minecraft:string":50,"minecraft:red_bed":8,"minecraft:oak_sign":2,"graveyard:corruption":8,"minecraft:cracked_stone_bricks":2,"minecraft:cartography_table":6,"minecraft:candle":6,"minecraft:lectern":5,"graveyard:gravestone":6,"minecraft:spruce_planks":180,"minecraft:beef":16,"minecraft:calcite":1,"minecraft:oak_boat":5,"minecraft:cobblestone_slab":5,"minecraft:iron_pickaxe":1,"minecraft:waxed_oxidized_copper":2,"minecraft:chest":2,"minecraft:birch_sapling":12,"minecraft:spruce_trapdoor":2,"minecraft:iron_boots":1,"minecraft:stick":31,"minecraft:composter":5,"minecraft:oak_fence":3,"minecraft:copper_ingot":8,"minecraft:torch":13,"minecraft:spruce_stairs":2,"minecraft:spruce_fence":2,"sophisticatedbackpacks:backpack":3,"minecraft:carrot":1,"minecraft:rotten_flesh":35,"minecraft:peony":1,"minecraft:diamond_boots":1,"minecraft:hay_block":56,"born_in_chaos_v1:spiny_shell":2,"minecraft:mangrove_roots":2,"minecraft:cobblestone":30,"minecraft:mutton":6,"undead_revamp2:arapholia":1,"minecraft:iron_bars":16,"minecraft:bone_block":4,"minecraft:white_wool":2,"minecraft:birch_log":61,"born_in_chaos_v1:corpse_maggot":1,"minecraft:mossy_cobblestone_slab":1,"minecraft:golden_carrot":12,"minecraft:potato":3,"minecraft:leather":6,"minecraft:birch_planks":33,"minecraft:oak_log":263,"minecraft:tuff":1,"minecraft:stripped_spruce_wood":1,"minecraft:nether_wart_block":2,"minecraft:cobblestone_wall":4,"minecraft:dirt":707,"antlers:tomahawkitem":13,"minecraft:bone":3,"minecraft:stone_bricks":1,"minecraft:apple":4,"minecraft:wheat_seeds":18,"minecraft:cobweb":44,"minecraft:cyan_candle":2,"minecraft:moss_block":13,"minecraft:mossy_stone_brick_stairs":1,"minecraft:oak_planks":62,"minecraft:book":99,"graveyard:green_urn":1,"minecraft:sweet_berries":26,"minecraft:gravel":3,"minecraft:blast_furnace":7,"minecraft:stripped_spruce_log":4,"minecraft:spruce_sapling":7,"minecraft:grass_block":1,"minecraft:spruce_log":252,"minecraft:spectral_arrow":5,"minecraft:spruce_door":1,"minecraft:light_gray_candle":6,"minecraft:writable_book":2,"minecraft:diamond_axe":1,"minecraft:bone_meal":2,"minecraft:bread":8,"minecraft:rooted_dirt":4,"minecraft:oak_sapling":22,"born_in_chaos_v1:rotten_fish":1,"minecraft:damaged_anvil":3,"minecraft:coal":1,"minecraft:ender_pearl":1},"minecraft:dropped":{"minecraft:bread":28,"minecraft:moss_block":6,"minecraft:wheat_seeds":5,"minecraft:diamond_axe":1,"minecraft:diamond":2,"minecraft:rooted_dirt":3,"minecraft:apple":19,"minecraft:mossy_stone_brick_stairs":1,"minecraft:cracked_stone_bricks":1,"graveyard:green_urn":1,"minecraft:grass_block":1,"graveyard:corruption":4,"minecraft:coal":14,"minecraft:stick":5,"minecraft:cobweb":44,"minecraft:dirt":8,"minecraft:golden_carrot":27,"minecraft:waxed_oxidized_copper":2,"minecraft:bone_meal":1,"minecraft:wither_rose":1,"minecraft:iron_axe":1,"minecraft:bone_block":4,"minecraft:iron_pickaxe":1,"minecraft:iron_shovel":2,"minecraft:string":18,"minecraft:sweet_berries":13,"minecraft:coarse_dirt":1,"minecraft:cobblestone_wall":2,"minecraft:birch_sapling":5,"undead_revamp2:arapholia":1,"graveyard:gravestone":6,"minecraft:rotten_flesh":2,"minecraft:oak_planks":1,"sophisticatedbackpacks:backpack":3,"minecraft:light_gray_candle":6,"minecraft:cobblestone_slab":5,"minecraft:spruce_planks":53,"minecraft:charcoal":3,"minecraft:stone_brick_wall":2,"minecraft:leather_leggings":3,"minecraft:diamond_boots":1,"minecraft:iron_bars":2},"minecraft:used":{"minecraft:oak_fence":73,"minecraft:moss_block":1,"minecraft:enchanting_table":1,"minecraft:iron_shovel":116,"minecraft:ladder":7,"minecraft:chest":12,"minecraft:spruce_planks":881,"minecraft:shield":99,"minecraft:iron_sword":44,"minecraft:torch":41,"minecraft:dirt":389,"minecraft:spruce_stairs":10,"minecraft:spruce_fence":31,"minecraft:bookshelf":4,"minecraft:iron_axe":150,"minecraft:oak_stairs":116,"minecraft:golden_carrot":2,"minecraft:bow":9,"minecraft:hay_block":1,"minecraft:iron_leggings":1,"minecraft:wheat_seeds":1,"minecraft:damaged_anvil":3,"minecraft:spruce_door":2,"minecraft:birch_planks":85,"minecraft:cartography_table":5,"minecraft:oak_planks":105,"minecraft:ender_pearl":1,"minecraft:composter":4,"minecraft:diamond_axe":921,"minecraft:crafting_table":8,"minecraft:red_bed":8,"minecraft:blast_furnace":7,"minecraft:spruce_log":3,"minecraft:oak_log":74,"sophisticatedbackpacks:backpack":1,"minecraft:apple":15,"minecraft:diamond_shovel":861,"minecraft:bread":66,"minecraft:lectern":3,"minecraft:iron_pickaxe":92,"minecraft:gravel":3,"minecraft:nether_wart_block":2,"minecraft:diamond_sword":246,"minecraft:oak_boat":5,"dixtas_armory:iron_battle_axe":46,"minecraft:candle":6,"minecraft:cobweb":38},"minecraft:mined":{"minecraft:tuff":1,"minecraft:red_carpet":2,"minecraft:spruce_planks":190,"graveyard:tg_coarse_dirt":5,"minecraft:mossy_cobblestone":1,"minecraft:candle":2,"antlers:bloody_fox":1,"minecraft:mangrove_roots":2,"minecraft:spruce_trapdoor":4,"minecraft:glow_lichen":2,"minecraft:ladder":5,"minecraft:spruce_fence":2,"minecraft:grass_block":434,"minecraft:stone_brick_wall":1,"minecraft:spruce_leaves":76,"minecraft:composter":5,"minecraft:cartography_table":6,"minecraft:spawner":1,"minecraft:large_fern":24,"minecraft:hay_block":56,"minecraft:mossy_cobblestone_slab":1,"graveyard:tg_moss_block":95,"minecraft:stripped_spruce_log":4,"minecraft:peony":1,"minecraft:gold_block":2,"minecraft:bookshelf":34,"minecraft:mossy_stone_brick_stairs":1,"minecraft:oak_stairs":18,"minecraft:iron_bars":16,"minecraft:stone":29,"graveyard:wither_skull_pile":1,"minecraft:tripwire":1,"minecraft:hanging_roots":5,"minecraft:red_bed":5,"minecraft:soul_sand":3,"graveyard:green_urn":1,"minecraft:spruce_door":1,"minecraft:oak_fence":2,"minecraft:crafting_table":4,"minecraft:torch":2,"graveyard:tg_podzol":2,"graveyard:tg_rooted_dirt":14,"minecraft:blast_furnace":7,"minecraft:calcite":1,"minecraft:chest":4,"minecraft:white_stained_glass_pane":2,"minecraft:lectern":5,"minecraft:tall_grass":11,"graveyard:tg_grass_block":25,"graveyard:skeleton_hand":1,"graveyard:lying_skeleton":1,"minecraft:oak_planks":67,"minecraft:damaged_anvil":3,"minecraft:wall_torch":5,"minecraft:spruce_stairs":2,"minecraft:light_gray_candle":1,"minecraft:birch_planks":33,"graveyard:vase_block":3,"graveyard:skull_with_rib_cage":1,"minecraft:stripped_spruce_wood":1,"minecraft:cobblestone_wall":1,"minecraft:nether_wart_block":2,"minecraft:birch_log":61,"minecraft:sweet_berry_bush":12,"minecraft:spruce_log":255,"minecraft:stone_brick_stairs":1,"minecraft:birch_leaves":1,"minecraft:wither_rose":1,"graveyard:tg_tuff":5,"antlers:bloody_pig":1,"minecraft:infested_mossy_stone_bricks":1,"minecraft:grass":30,"minecraft:oak_log":267,"minecraft:waxed_oxidized_copper":2,"minecraft:gravel":3,"minecraft:dirt":370,"minecraft:cobweb":55,"minecraft:cracked_stone_bricks":4,"minecraft:stone_bricks":1,"minecraft:oak_leaves":53,"minecraft:fern":12},"minecraft:killed_by":{"minecraft:player":3,"born_in_chaos_v1:nightmare_stalker":3,"graveyard:ghoul":2,"graveyard:acolyte":3,"bwrtherain:vapor":2,"man:managgresive":1,"apollyon:the_damned":3,"undead_revamp2:therod":1,"born_in_chaos_v1:corpse_fish":1,"undead_revamp2:thesmoker":1,"arphex:teleport_ghost":1,"antlers:wendigomad":1},"minecraft:crafted":{"minecraft:oak_planks":668,"minecraft:bookshelf":4,"minecraft:diamond_shovel":1,"minecraft:spruce_fence":30,"dixtas_armory:iron_battle_axe":1,"minecraft:spruce_stairs":12,"minecraft:bow":1,"minecraft:iron_axe":2,"minecraft:chest":13,"minecraft:oak_fence":87,"minecraft:wheat":90,"minecraft:diamond_sword":1,"sophisticatedbackpacks:backpack":1,"minecraft:diamond_axe":1,"minecraft:crafting_table":6,"minecraft:enchanting_table":1,"minecraft:spruce_planks":1016,"minecraft:wooden_pickaxe":1,"minecraft:spruce_door":3,"minecraft:birch_planks":124,"minecraft:bread":23,"minecraft:air":0,"minecraft:oak_boat":1,"minecraft:iron_chestplate":1,"minecraft:charcoal":17,"minecraft:shield":2,"minecraft:stick":248,"minecraft:oak_stairs":112,"minecraft:gold_ingot":18,"minecraft:iron_shovel":1,"minecraft:iron_leggings":1,"minecraft:torch":56},"minecraft:killed":{"undead_revamp2:thesmoker":1,"born_in_chaos_v1:thornshell_crab":1,"born_in_chaos_v1:baby_skeleton_minion":23,"born_in_chaos_v1:maggot":2,"minecraft:silverfish":1,"undead_revamp2:therod":3,"born_in_chaos_v1:corpse_fish":4,"undead_revamp2:sucker":2,"graveyard:ghoul":14,"endofherobrine:villager":1,"minecraft:sheep":2,"born_in_chaos_v1:bonescaller_not_despawn":1,"endofherobrine:sheep":6,"apollyon:the_damned":1,"minecraft:cow":6},"minecraft:broken":{"minecraft:iron_boots":1,"minecraft:iron_chestplate":1,"minecraft:iron_leggings":1,"minecraft:shield":1,"minecraft:iron_helmet":1},"minecraft:custom":{"lootr:looted_stat":29,"minecraft:interact_with_anvil":5,"minecraft:mob_kills":72,"minecraft:interact_with_crafting_table":69,"minecraft:open_barrel":18,"minecraft:damage_dealt_resisted":1152,"minecraft:leave_game":8,"minecraft:time_since_death":848,"minecraft:climb_one_cm":50433,"minecraft:sprint_one_cm":1247650,"minecraft:walk_one_cm":1161106,"minecraft:damage_blocked_by_shield":3230,"minecraft:drop":231,"minecraft:damage_dealt_absorbed":80,"minecraft:talked_to_villager":32,"minecraft:play_time":379647,"minecraft:deaths":26,"minecraft:sneak_time":10067,"minecraft:walk_under_water_one_cm":14008,"minecraft:boat_one_cm":196735,"minecraft:jump":3304,"minecraft:interact_with_blast_furnace":5,"minecraft:walk_on_water_one_cm":61217,"minecraft:total_world_time":379647,"minecraft:interact_with_furnace":5,"minecraft:interact_with_cartography_table":2,"minecraft:sleep_in_bed":24,"minecraft:time_since_rest":876,"minecraft:damage_taken":20208600,"minecraft:damage_dealt":11473,"minecraft:swim_one_cm":113473,"minecraft:fly_one_cm":634537,"minecraft:open_chest":98,"minecraft:crouch_one_cm":36061,"minecraft:fall_one_cm":51102}},"DataVersion":3465}