{"stats":{"minecraft:mined":{"minecraft:acacia_leaves":5,"graveyard:tg_coarse_dirt":1,"minecraft:crafting_table":4,"minecraft:granite":38,"minecraft:acacia_log":43,"minecraft:grass_block":1,"born_in_chaos_v1:black_argillite":9,"minecraft:tall_grass":3,"minecraft:cobblestone":12,"minecraft:spruce_leaves":1,"minecraft:lapis_ore":4,"minecraft:diorite":63,"minecraft:wall_torch":4,"minecraft:furnace":2,"minecraft:iron_ore":24,"minecraft:andesite":58,"minecraft:grass":14,"minecraft:coal_ore":38,"minecraft:deepslate_iron_ore":2,"minecraft:acacia_fence":3,"minecraft:gravel":2,"minecraft:dirt":22,"minecraft:stripped_acacia_log":1,"minecraft:stone":471,"minecraft:deepslate":99},"minecraft:crafted":{"minecraft:crafting_table":1,"minecraft:wooden_pickaxe":1,"minecraft:iron_helmet":1,"minecraft:furnace":2,"minecraft:air":0,"minecraft:flint_and_steel":1,"minecraft:charcoal":11,"minecraft:iron_axe":1,"minecraft:stick":44,"minecraft:iron_ingot":24,"minecraft:iron_pickaxe":2,"minecraft:stone_pickaxe":4,"minecraft:wooden_axe":1,"minecraft:iron_leggings":1,"minecraft:acacia_fence":9,"minecraft:acacia_planks":44,"minecraft:torch":92},"minecraft:custom":{"minecraft:interact_with_furnace":19,"minecraft:mob_kills":2,"minecraft:interact_with_crafting_table":24,"minecraft:leave_game":1,"minecraft:time_since_death":44145,"minecraft:time_since_rest":44145,"minecraft:sprint_one_cm":31111,"minecraft:damage_taken":156,"minecraft:walk_one_cm":119254,"minecraft:drop":16,"minecraft:damage_dealt":140,"minecraft:swim_one_cm":5923,"minecraft:fly_one_cm":37624,"minecraft:crouch_one_cm":198,"minecraft:play_time":44145,"minecraft:sneak_time":69,"minecraft:walk_under_water_one_cm":1289,"minecraft:jump":363,"minecraft:walk_on_water_one_cm":3807,"minecraft:total_world_time":44145,"minecraft:fall_one_cm":5248},"minecraft:picked_up":{"minecraft:crafting_table":4,"minecraft:andesite":57,"minecraft:leather":3,"minecraft:flint":1,"born_in_chaos_v1:black_argillite":8,"minecraft:lapis_lazuli":23,"minecraft:dirt":22,"minecraft:wheat_seeds":4,"minecraft:cobbled_deepslate":98,"minecraft:beef":1,"minecraft:acacia_sapling":1,"minecraft:furnace":2,"minecraft:stick":3,"minecraft:raw_iron":26,"minecraft:acacia_fence":3,"minecraft:torch":5,"minecraft:acacia_log":41,"minecraft:gravel":1,"minecraft:diorite":60,"minecraft:stripped_acacia_log":1,"minecraft:granite":38,"minecraft:coal":65,"minecraft:cobblestone":475},"minecraft:broken":{"minecraft:stone_pickaxe":2,"minecraft:iron_pickaxe":1},"minecraft:dropped":{"minecraft:torch":15,"minecraft:stone_pickaxe":1},"minecraft:killed":{"minecraft:cow":2},"minecraft:used":{"minecraft:stone_pickaxe":378,"minecraft:wooden_pickaxe":27,"minecraft:torch":82,"minecraft:crafting_table":4,"minecraft:wooden_axe":49,"minecraft:iron_axe":2,"minecraft:iron_pickaxe":441,"minecraft:cobblestone":47,"minecraft:beef":1,"minecraft:furnace":3,"minecraft:acacia_fence":8}},"DataVersion":3465}