{"stats":{"minecraft:custom":{"minecraft:time_since_rest":1772,"minecraft:sprint_one_cm":11829,"minecraft:play_time":10587,"minecraft:deaths":3,"minecraft:damage_taken":760,"minecraft:walk_one_cm":15601,"minecraft:walk_under_water_one_cm":473,"minecraft:jump":149,"minecraft:damage_dealt":20,"minecraft:leave_game":3,"minecraft:time_since_death":1740,"minecraft:walk_on_water_one_cm":4040,"minecraft:climb_one_cm":5293,"minecraft:total_world_time":10587,"minecraft:interact_with_crafting_table":2,"minecraft:swim_one_cm":8861,"minecraft:fall_one_cm":5227,"minecraft:fly_one_cm":19209},"minecraft:picked_up":{"minecraft:crafting_table":1,"minecraft:stick":4,"minecraft:rotten_flesh":2,"minecraft:jungle_log":4,"minecraft:wheat_seeds":1,"minecraft:jungle_planks":14,"minecraft:oak_log":4,"minecraft:jungle_sapling":1,"minecraft:egg":1},"minecraft:mined":{"minecraft:grass":4,"minecraft:oak_log":5,"minecraft:jungle_log":4,"minecraft:jungle_leaves":1,"minecraft:crafting_table":1},"minecraft:killed_by":{"minecraft:enderman":1},"minecraft:crafted":{"minecraft:oak_planks":16,"minecraft:crafting_table":1,"minecraft:wooden_pickaxe":1,"minecraft:jungle_planks":16,"minecraft:wooden_axe":1},"minecraft:used":{"minecraft:wooden_axe":2,"minecraft:crafting_table":1,"minecraft:egg":1}},"DataVersion":3465}