{"stats":{"minecraft:custom":{"minecraft:interact_with_furnace":2,"minecraft:mob_kills":3,"minecraft:interact_with_crafting_table":7,"minecraft:leave_game":3,"minecraft:time_since_death":9217,"minecraft:climb_one_cm":5932,"minecraft:time_since_rest":9251,"minecraft:sprint_one_cm":63163,"minecraft:damage_taken":1460,"minecraft:walk_one_cm":31740,"minecraft:damage_dealt":253,"minecraft:swim_one_cm":18459,"minecraft:fly_one_cm":60500,"minecraft:open_chest":2,"minecraft:crouch_one_cm":15,"minecraft:play_time":22587,"minecraft:deaths":5,"minecraft:sneak_time":11,"minecraft:walk_under_water_one_cm":705,"minecraft:jump":332,"minecraft:walk_on_water_one_cm":5082,"minecraft:total_world_time":22587,"minecraft:fall_one_cm":9899},"minecraft:picked_up":{"minecraft:wooden_axe":1,"minecraft:cocoa_beans":6,"minecraft:crafting_table":3,"minecraft:lilac":1,"minecraft:chicken":1,"minecraft:jungle_log":4,"minecraft:brown_mushroom":6,"minecraft:birch_planks":16,"minecraft:oak_log":10,"minecraft:dirt":7,"minecraft:raw_copper":19,"undead_revamp2:blacpetalblock":1,"minecraft:wheat_seeds":2,"minecraft:iron_ingot":5,"minecraft:jungle_sapling":1,"minecraft:oak_planks":6,"cctvcraft:raw_aluminum":5,"minecraft:egg":1,"minecraft:book":3,"minecraft:stick":19,"minecraft:raw_iron":1,"minecraft:jungle_planks":28,"minecraft:arrow":6,"minecraft:rotten_flesh":2,"minecraft:bread":4,"minecraft:gray_wool":1,"minecraft:gold_ingot":2,"born_in_chaos_v1:rotten_fish":1,"minecraft:mutton":2,"minecraft:coal":52,"undead_revamp2:arapholia":1,"minecraft:white_wool":1,"minecraft:cobblestone":60},"minecraft:mined":{"minecraft:jungle_leaves":1,"minecraft:crafting_table":3,"cctvcraft:aluminum_ore":4,"minecraft:grass_block":3,"minecraft:jungle_log":4,"minecraft:copper_ore":5,"minecraft:cobblestone":2,"minecraft:spawner":1,"minecraft:iron_ore":1,"minecraft:grass":5,"minecraft:oak_log":11,"minecraft:coal_ore":51,"minecraft:cocoa":2,"minecraft:dirt":4,"minecraft:stone":55,"minecraft:oak_leaves":1,"minecraft:fern":1},"minecraft:killed":{"minecraft:sheep":2,"minecraft:chicken":1},"minecraft:killed_by":{"minecraft:stray":1,"minecraft:zombie":1,"minecraft:enderman":1},"minecraft:crafted":{"minecraft:oak_planks":36,"minecraft:crafting_table":2,"minecraft:wooden_pickaxe":2,"minecraft:furnace":1,"minecraft:cooked_mutton":2,"minecraft:air":0,"minecraft:jungle_planks":16,"minecraft:stick":8,"minecraft:stone_pickaxe":1,"minecraft:wooden_axe":2,"minecraft:torch":8},"minecraft:used":{"minecraft:cooked_mutton":2,"minecraft:stone_pickaxe":111,"minecraft:wooden_pickaxe":13,"minecraft:torch":4,"minecraft:crafting_table":4,"minecraft:wooden_axe":13,"minecraft:cobblestone":3,"minecraft:furnace":1,"minecraft:egg":1}},"DataVersion":3465}