{"stats":{"minecraft:mined":{"minecraft:jungle_leaves":1,"minecraft:crafting_table":7,"cctvcraft:aluminum_ore":16,"minecraft:grass_block":3,"minecraft:jungle_log":4,"minecraft:copper_ore":6,"minecraft:cobblestone":10,"minecraft:oak_planks":26,"minecraft:diorite":24,"minecraft:spawner":1,"minecraft:furnace":1,"minecraft:iron_ore":10,"minecraft:andesite":10,"minecraft:grass":5,"minecraft:oak_log":20,"minecraft:coal_ore":70,"minecraft:cocoa":2,"minecraft:gravel":5,"minecraft:dirt":14,"minecraft:stone":179,"minecraft:oak_leaves":17,"minecraft:fern":1},"minecraft:crafted":{"minecraft:oak_planks":76,"minecraft:crafting_table":3,"minecraft:wooden_pickaxe":3,"minecraft:cooked_chicken":1,"minecraft:furnace":1,"minecraft:cooked_mutton":2,"minecraft:air":0,"minecraft:jungle_planks":16,"minecraft:stick":24,"minecraft:iron_ingot":2,"minecraft:stone_pickaxe":3,"minecraft:wooden_axe":3,"minecraft:torch":40},"minecraft:custom":{"minecraft:interact_with_furnace":6,"minecraft:mob_kills":3,"minecraft:interact_with_crafting_table":13,"minecraft:leave_game":5,"minecraft:time_since_death":0,"minecraft:climb_one_cm":6620,"minecraft:time_since_rest":163,"minecraft:sprint_one_cm":102670,"minecraft:damage_taken":1950,"minecraft:walk_one_cm":93652,"minecraft:drop":1,"minecraft:damage_dealt":287,"minecraft:swim_one_cm":24120,"minecraft:fly_one_cm":86941,"minecraft:open_chest":2,"minecraft:crouch_one_cm":708,"minecraft:play_time":51163,"minecraft:deaths":7,"minecraft:sneak_time":1014,"minecraft:walk_under_water_one_cm":795,"minecraft:jump":630,"minecraft:walk_on_water_one_cm":5356,"minecraft:total_world_time":51163,"minecraft:fall_one_cm":17840},"minecraft:picked_up":{"minecraft:wooden_axe":1,"minecraft:cocoa_beans":6,"minecraft:crafting_table":7,"minecraft:lilac":1,"minecraft:chicken":1,"minecraft:jungle_log":4,"minecraft:andesite":9,"minecraft:brown_mushroom":6,"minecraft:birch_planks":16,"minecraft:oak_log":19,"minecraft:dirt":17,"minecraft:raw_copper":22,"undead_revamp2:blacpetalblock":1,"minecraft:wheat_seeds":2,"minecraft:iron_ingot":5,"minecraft:jungle_sapling":1,"minecraft:egg":2,"minecraft:oak_planks":32,"cctvcraft:raw_aluminum":20,"minecraft:furnace":1,"minecraft:book":3,"minecraft:stick":20,"minecraft:raw_iron":10,"minecraft:gravel":4,"minecraft:jungle_planks":28,"minecraft:diorite":23,"minecraft:arrow":6,"minecraft:rotten_flesh":2,"minecraft:gray_wool":1,"minecraft:bread":4,"minecraft:gold_ingot":2,"minecraft:oak_sapling":2,"born_in_chaos_v1:rotten_fish":1,"undead_revamp2:arapholia":1,"minecraft:mutton":2,"minecraft:coal":107,"minecraft:white_wool":1,"minecraft:cobblestone":202},"minecraft:broken":{"minecraft:stone_pickaxe":1,"minecraft:wooden_pickaxe":1},"minecraft:dropped":{"minecraft:gray_wool":1},"minecraft:killed_by":{"minecraft:stray":1,"minecraft:spider":1,"minecraft:zombie":1,"minecraft:enderman":1},"minecraft:killed":{"minecraft:sheep":2,"minecraft:chicken":1},"minecraft:used":{"minecraft:cooked_mutton":2,"minecraft:stone_pickaxe":300,"undead_revamp2:blacpetalblock":1,"minecraft:oak_planks":49,"minecraft:wooden_pickaxe":60,"minecraft:cooked_chicken":1,"minecraft:torch":32,"minecraft:crafting_table":8,"minecraft:wooden_axe":20,"minecraft:cobblestone":51,"minecraft:furnace":2,"minecraft:egg":2}},"DataVersion":3465}