{
  "farmersdelight:main/root": {
    "criteria": {
      "seeds": "2024-05-20 02:22:58 +0000"
    },
    "done": true
  },
  "create:root": {
    "criteria": {
      "0": "2024-05-20 02:22:58 +0000"
    },
    "done": true
  },
  "bakery:main/root": {
    "criteria": {
      "seeds": "2024-05-20 02:22:58 +0000"
    },
    "done": true
  },
  "idas:idas_root": {
    "criteria": {
      "always": "2024-05-20 02:22:59 +0000"
    },
    "done": true
  },
  "incendium:technical/using/trailblazer": {
    "criteria": {
      "log_spam_fixer": "2024-05-20 02:22:59 +0000"
    },
    "done": false
  },
  "takesapillage:root": {
    "criteria": {
      "always": "2024-05-20 02:22:59 +0000"
    },
    "done": true
  },
  "incendium:technical/scroll_of_returning": {
    "criteria": {
      "log_spam_fixer": "2024-05-20 02:22:59 +0000"
    },
    "done": false
  },
  "biomesoplenty:biomesoplenty/all_biomes": {
    "criteria": {
      "shrubland": "2024-05-20 02:22:59 +0000",
      "rocky_shrubland": "2024-05-20 02:50:42 +0000",
      "old_growth_woodland": "2024-05-20 02:28:49 +0000",
      "orchard": "2024-05-20 02:48:56 +0000",
      "dune_beach": "2024-05-20 03:34:03 +0000"
    },
    "done": false
  },
  "lootr:root": {
    "criteria": {
      "always_true": "2024-05-20 02:22:59 +0000"
    },
    "done": true
  },
  "incendium:technical/using/ragnarok": {
    "criteria": {
      "log_spam_fixer": "2024-05-20 02:22:59 +0000"
    },
    "done": false
  },
  "incendium:technical/using/shield": {
    "criteria": {
      "log_spam_fixer": "2024-05-20 02:22:59 +0000"
    },
    "done": false
  },
  "biomesoplenty:biomesoplenty/root": {
    "criteria": {
      "shrubland": "2024-05-20 02:22:59 +0000"
    },
    "done": true
  },
  "incendium:technical/new_player": {
    "criteria": {
      "requirement": "2024-05-20 02:22:59 +0000"
    },
    "done": true
  },
  "minecraft:adventure/root": {
    "criteria": {
      "killed_by_something": "2024-05-20 02:25:50 +0000"
    },
    "done": true
  },
  "minecraft:adventure/adventuring_time": {
    "criteria": {
      "minecraft:beach": "2024-05-20 03:33:29 +0000",
      "minecraft:lukewarm_ocean": "2024-05-20 03:37:41 +0000",
      "minecraft:stony_shore": "2024-05-20 02:27:54 +0000"
    },
    "done": false
  },
  "minecraft:story/root": {
    "criteria": {
      "crafting_table": "2024-05-20 02:29:13 +0000"
    },
    "done": true
  },
  "minecraft:story/mine_stone": {
    "criteria": {
      "get_stone": "2024-05-20 02:29:37 +0000"
    },
    "done": true
  },
  "minecraft:story/upgrade_tools": {
    "criteria": {
      "stone_pickaxe": "2024-05-20 02:31:36 +0000"
    },
    "done": true
  },
  "lootr:1chest": {
    "criteria": {
      "opened_chest": "2024-05-20 03:04:02 +0000"
    },
    "done": true
  },
  "minecraft:adventure/sleep_in_bed": {
    "criteria": {
      "slept_in_bed": "2024-05-20 03:35:46 +0000"
    },
    "done": true
  },
  "lootr:social": {
    "criteria": {
      "opened_barrel": "2024-05-20 03:05:25 +0000",
      "opened_chest": "2024-05-20 03:04:02 +0000"
    },
    "done": false
  },
  "minecraft:adventure/kill_all_mobs": {
    "criteria": {
      "minecraft:pillager": "2024-05-20 05:01:18 +0000",
      "minecraft:skeleton": "2024-05-20 04:25:54 +0000"
    },
    "done": false
  },
  "create:andesite_alloy": {
    "criteria": {
      "0": "2024-05-20 03:05:32 +0000"
    },
    "done": true
  },
  "royalvariations:rotten_king": {
    "criteria": {
      "rotten_king": "2024-05-20 03:17:43 +0000"
    },
    "done": true
  },
  "minecraft:story/iron_tools": {
    "criteria": {
      "iron_pickaxe": "2024-05-20 03:45:54 +0000"
    },
    "done": true
  },
  "minecraft:adventure/kill_a_mob": {
    "criteria": {
      "minecraft:skeleton": "2024-05-20 04:25:54 +0000"
    },
    "done": true
  },
  "alexsmobs:alexsmobs/seagull_steal": {
    "criteria": {
      "ex": "2024-05-20 02:52:37 +0000"
    },
    "done": true
  },
  "minecraft:husbandry/plant_seed": {
    "criteria": {
      "beetroots": "2024-05-20 03:43:28 +0000"
    },
    "done": true
  },
  "minecraft:husbandry/balanced_diet": {
    "criteria": {
      "cooked_porkchop": "2024-05-20 03:36:59 +0000",
      "cooked_mutton": "2024-05-20 03:11:27 +0000",
      "apple": "2024-05-20 03:10:07 +0000",
      "supplementaries:candy": "2024-05-20 03:15:46 +0000",
      "bread": "2024-05-20 03:22:22 +0000",
      "glow_berries": "2024-05-20 03:33:47 +0000",
      "beetroot": "2024-05-20 04:59:48 +0000",
      "golden_carrot": "2024-05-20 03:15:59 +0000",
      "enchanted_golden_apple": "2024-05-20 02:51:10 +0000",
      "carrot": "2024-05-20 03:34:59 +0000"
    },
    "done": false
  },
  "minecraft:husbandry/root": {
    "criteria": {
      "consumed_item": "2024-05-20 02:51:10 +0000"
    },
    "done": true
  },
  "minecraft:story/mine_diamond": {
    "criteria": {
      "diamond": "2024-05-20 04:04:25 +0000"
    },
    "done": true
  },
  "lootr:1barrel": {
    "criteria": {
      "opened_barrel": "2024-05-20 03:05:25 +0000"
    },
    "done": true
  },
  "farmersdelight:main/plant_all_crops": {
    "criteria": {
      "sweet_berries": "2024-05-20 03:54:09 +0000",
      "beetroot": "2024-05-20 03:43:28 +0000",
      "wheat": "2024-05-20 03:43:40 +0000"
    },
    "done": false
  },
  "royalvariations:royal_variations_achievement": {
    "criteria": {
      "royal_variations_achievement": "2024-05-20 03:17:43 +0000"
    },
    "done": true
  },
  "idas:tinkers_workshop": {
    "criteria": {
      "in_tinkers_workshop": "2024-05-20 02:51:17 +0000"
    },
    "done": true
  },
  "minecraft:story/smelt_iron": {
    "criteria": {
      "iron": "2024-05-20 04:26:08 +0000"
    },
    "done": true
  },
  "DataVersion": 3465
}